rtyx3w,rtyx3w,https://www.reddit.com/r/StupidFood/comments/rtyx3w/tasty_nyquil_chicken/,2
so4l57,so4l57,https://www.reddit.com/r/StupidFood/comments/so4l57/best_mac_and_cheese_ever/,2
u3182p,u3182p,https://www.reddit.com/r/StupidFood/comments/u3182p/got_this_from_their_official_tik_tok/,1
ruggap,ruggap,https://www.reddit.com/r/StupidFood/comments/ruggap/how_stupid_is_she/,2
sc1yph,sc1yph,https://www.reddit.com/r/ShittyGifRecipes/comments/sc1yph/turkey_surprise/,1
wz6p6h,wz6p6h,https://www.reddit.com/r/Breadit/comments/wz6p6h/knife_skills_are_overrated/,1
13fta9j,13fta9j,https://www.reddit.com/r/facepalm/comments/13fta9j/theatre_workers_dont_get_paid_extra_for_this/,2
zzknk8,zzknk8,https://www.reddit.com/r/StupidFood/comments/zzknk8/more_bacon_please/,1
14idezt,14idezt,https://www.reddit.com/r/StupidFood/comments/14idezt/lost_for_words_with_this_birthday_cake/,1
1dz1g95,1dz1g95,https://www.reddit.com/r/yesyesyesyesno/comments/1dz1g95/shot_through_the_heart/,1
13903er,13903er,https://www.reddit.com/r/HotWheels/comments/13903er/happy_free_it_friday/,2
12rf3tq,12rf3tq,https://www.reddit.com/r/DiWHY/comments/12rf3tq/i_cant_and_dont_want_to_imagine_the_car_smell/,2
