1od6v0x,nkrowws,https://www.reddit.com//r/opiniaoimpopular/comments/1od6v0x/mulheres_que_a_personalidade_e_vida_é_odiar/nkrowws/,0
1od5z0o,nkrp9d6,https://www.reddit.com//r/punjabimusic/comments/1od5z0o/cheema_owns_ap_and_shubh_right_now/nkrp9d6/,1
1ocbbvf,nkrq2rt,https://www.reddit.com//r/youngpeoplepjsk/comments/1ocbbvf/sigh/nkrq2rt/,1
1ocugmw,nkrqujl,https://www.reddit.com//r/youngpeopleyoutube/comments/1ocugmw/peak/nkrqujl/,0
1od7b7h,nkrrh11,https://www.reddit.com//r/leagueoflegends/comments/1od7b7h/g2_esports_vs_flyquest_2025_world_championship/nkrrh11/,1
1ocuoio,nkrrwb9,https://www.reddit.com//r/nba/comments/1ocuoio/michael_jordan_on_if_he_still_loves_basketball_i/nkrrwb9/,0
1od6dge,nkrs3k1,https://www.reddit.com//r/CollegeBasketball/comments/1od6dge/izzo_blasts_ncaa_for_ridiculous_g_league_ruling/nkrs3k1/,2
1obx7gr,nkrsboa,https://www.reddit.com//r/reylo/comments/1obx7gr/bringbensoloback/nkrsboa/,0
1od50i2,nkrsq34,https://www.reddit.com//r/wlwIndia/comments/1od50i2/folks_kissing_women_is_a_pleasure_all_you/nkrsq34/,0
1od5xnz,nkrtkps,https://www.reddit.com//r/BlueProtocolPC/comments/1od5xnz/i_was_disappointed_and_quit_then_realized_how_bad/nkrtkps/,1
1od6g6d,nkrtnu1,https://www.reddit.com//r/aiwars/comments/1od6g6d/everyone_calls_antis_hitlers_youth_because_they/nkrtnu1/,2
1ocylsx,nkrtzca,https://www.reddit.com//r/CringeTikToks/comments/1ocylsx/trump_is_destroying_american_agriculture_while/nkrtzca/,2
1od6qve,nkrtzya,https://www.reddit.com//r/uknews/comments/1od6qve/migrant_sent_to_france_under_onein_oneout_scheme/nkrtzya/,0
1od5vg8,nkrukvj,https://www.reddit.com//r/exchristian/comments/1od5vg8/some_theists_are_soo_good_at_ragebaiting/nkrukvj/,2
1od7e3f,nkruqq0,https://www.reddit.com//r/ukpolitics/comments/1od7e3f/new_jlpartnerspolls_kas_and_ukonward_polling_of/nkruqq0/,2
1od155s,nkrusyb,https://www.reddit.com//r/MonclerRep/comments/1od155s/avoid_swagsupply_due_to_lack_of_support/nkrusyb/,0
1od2798,nkruwjq,https://www.reddit.com//r/PakistanBookClub/comments/1od2798/the_overhyped_reading_list/nkruwjq/,2
1od6mw8,nkrxpxg,https://www.reddit.com//r/Grimdank/comments/1od6mw8/yeah_i_guess_i_am_gatekeeping/nkrxpxg/,2
1oc96rn,nkryj63,https://www.reddit.com//r/indianmemer/comments/1oc96rn/contribution_of_zero_or_zero_contribution/nkryj63/,2
1od5zw2,nkrzd2w,https://www.reddit.com//r/canada/comments/1od5zw2/mayor_to_residents_someone_else_might_own_your/nkrzd2w/,0
1od7dlv,nkrztmz,https://www.reddit.com//r/drivingUK/comments/1od7dlv/penaltythreshold_for_cutting_someone_off/nkrztmz/,1
1od8eiy,nks0aky,https://www.reddit.com//r/49ers/comments/1od8eiy/fred_warner_is_finding_ways_to_lead_the_49ers/nks0aky/,0
1od8rvd,nks0s1f,https://www.reddit.com//r/LifeAdvice/comments/1od8rvd/looking_for_communication_advice/nks0s1f/,0
1o4lpdq,nks1zsd,https://www.reddit.com//r/NarutoPowerscaling/comments/1o4lpdq/lets_do_an_analysis_on_why_adult_naruto_got/nks1zsd/,0
1od6u7t,nks88nk,https://www.reddit.com//r/MadeMeSmile/comments/1od6u7t/catering_for_homeless_people/nks88nk/,0
1od2m37,nks91i8,https://www.reddit.com//r/PokemonZA/comments/1od2m37/is_it_just_me_or_does_all_the_hate_for_this_game/nks91i8/,0
1od9w00,nks9av0,https://www.reddit.com//r/AlignmentChartFills/comments/1od9w00/what_character_looks_like_they_are_from_final/nks9av0/,0
1obkbln,nksa6wd,https://www.reddit.com//r/personaphantomx/comments/1obkbln/cn_players_which_girl_do_you_headcanon_as_the/nksa6wd/,0
1od0x5k,nksc5y0,https://www.reddit.com//r/IndiaStatistics/comments/1od0x5k/phonepe_dominates_with_91525_cr_transactions/nksc5y0/,0
1oc0ir0,nksc7zc,https://www.reddit.com//r/trippieredd/comments/1oc0ir0/hot_take_the_leak_2_is_trippies_best_body_of_work/nksc7zc/,2
1od4ote,nkscic6,https://www.reddit.com//r/PowerScaling/comments/1od4ote/who_else_should_be_here/nkscic6/,0
1ocb395,nkscz1l,https://www.reddit.com//r/JEENEETards/comments/1ocb395/this_question_is_a_tough_one/nkscz1l/,2
1ocqlrj,nksdlln,https://www.reddit.com//r/teenagers/comments/1ocqlrj/daily_reminder_that_god_does_in_fact_think_gay_is/nksdlln/,0
1ocrl83,nksefi6,https://www.reddit.com//r/IslamabadSocial/comments/1ocrl83/i_have_generally_seen_girls_in_paki_subreddits_as/nksefi6/,2
1odafqk,nksf3iz,https://www.reddit.com//r/OnePiecePowerScaling/comments/1odafqk/comparing_whitebeard_and_kizaru/nksf3iz/,2
1od8tm8,nksgt2f,https://www.reddit.com//r/lookismcomic/comments/1od8tm8/do_you_agree_or_not/nksgt2f/,2
1od01lo,nksgt2w,https://www.reddit.com//r/RealTwitterAccounts/comments/1od01lo/transphobia_in_sports/nksgt2w/,2
1odax3s,nksh40h,https://www.reddit.com//r/HOTDBlacks/comments/1odax3s/rate_viseryss_children_as_dragon_riders_be/nksh40h/,0
1ocnomr,nkshiue,https://www.reddit.com//r/Popeyes/comments/1ocnomr/if_i_try_to_order_a_chicken_sandwich_and_fries/nkshiue/,0
1ody86h,nkxc8v7,https://www.reddit.com//r/AlignmentChartFills/comments/1ody86h/gru_won_who_thinks_theyre_a_gryffindor_but_are/nkxc8v7/,0
1odxxh1,nkxce5s,https://www.reddit.com//r/TwentiesIndia/comments/1odxxh1/why_do_indian_dads_think_its_completely_ok_to/nkxce5s/,0
1oc3geb,nkxcew0,https://www.reddit.com//r/manhwa/comments/1oc3geb/title_guys_lets_make_a_tier_list_ranking_of/nkxcew0/,0
1ody16z,nkxchvn,https://www.reddit.com//r/NotHowGirlsWork/comments/1ody16z/some_of_the_reactions_to_the_louvre_heist/nkxchvn/,2
1odxxvq,nkxcjz2,https://www.reddit.com//r/Battlefield/comments/1odxxvq/why_bf_fans_are_suche_cry_baby/nkxcjz2/,2
1odpws3,nkxcqc8,https://www.reddit.com//r/Helldivers/comments/1odpws3/im_so_tired/nkxcqc8/,1
1ocxy3s,nkxcsbk,https://www.reddit.com//r/MyHeroPowerscaling/comments/1ocxy3s/dont_mean_to_be_a_hater_but_the_power_boost_from/nkxcsbk/,0
1odxfnp,nkxcy0b,https://www.reddit.com//r/Silksong/comments/1odxfnp/what_wrong_with_yall_for_context_the_original/nkxcy0b/,1
1odnbqw,nkxd5jx,https://www.reddit.com//r/MealDealRates/comments/1odnbqw/snack_time/nkxd5jx/,0
1obhiay,nkxd738,https://www.reddit.com//r/Ubuntu/comments/1obhiay/windows_its_better/nkxd738/,2
1od8m4s,nkxdftd,https://www.reddit.com//r/Helldivers/comments/1od8m4s/patch_progress_update/nkxdftd/,0
1odax8z,nkxdig3,https://www.reddit.com//r/linuxsucks101/comments/1odax8z/gnome_is_a_2_million_dollar_corpo_takes_money/nkxdig3/,2
1odyfo9,nkxdk2s,https://www.reddit.com//r/LifeAdvice/comments/1odyfo9/get_back_to_a_group_of_friends_after_one_month_or/nkxdk2s/,0
1odndcj,nkxdqu6,https://www.reddit.com//r/AskAChinese/comments/1odndcj/why_do_people_who_are_anticcp_love_to_point_out/nkxdqu6/,2
1o4f1vn,nkxds67,https://www.reddit.com//r/lies/comments/1o4f1vn/ian_watkins_is_alive_and_well/nkxds67/,0
1oask0d,nkxdtft,https://www.reddit.com//r/Kanye/comments/1oask0d/genuine_question/nkxdtft/,0
1odsvvr,nkxdtu3,https://www.reddit.com//r/Bengaluru/comments/1odsvvr/goodbye_empty_roads/nkxdtu3/,0
1odyhyr,nkxdyxa,https://www.reddit.com//r/AlignmentChartFills/comments/1odyhyr/whats_a_2010s_movie_that_feels_like_it_is_from/nkxdyxa/,0
1od1tax,nkxdz0x,https://www.reddit.com//r/specialized/comments/1od1tax/tarmac_x_pns/nkxdz0x/,0
1ockxd0,nkxe130,https://www.reddit.com//r/teenagers/comments/1ockxd0/how_many_of_you_are_actually_a_teen/nkxe130/,0
1odod0a,nkxe2gr,https://www.reddit.com//r/portugal2/comments/1odod0a/português_de_bem/nkxe2gr/,0
1ocom87,nkxe530,https://www.reddit.com//r/SPACEKING/comments/1ocom87/bla_bla_art_dump_yaay/nkxe530/,0
1odxn4n,nkxe6w5,https://www.reddit.com//r/AmITheAngel/comments/1odxn4n/aita_for_saying_my_mom_is_trying_to_starve_me_and/nkxe6w5/,1
1odwg74,nkxec54,https://www.reddit.com//r/whenthe/comments/1odwg74/yeah_maybe_it_wasnt_about_the_bakery/nkxec54/,0
1odl6dy,nkxede5,https://www.reddit.com//r/Denmark/comments/1odl6dy/bt_mener_fjern_deres_stemmeret_kun_danske/nkxede5/,2
1odykny,nkxefr4,https://www.reddit.com//r/AlignmentChartFills/comments/1odykny/movie_villains_popularity_acf_day_1_whos_most/nkxefr4/,0
1odcyu7,nkxeg93,https://www.reddit.com//r/linuxsucks/comments/1odcyu7/are_ya_having_fun_yet_guys/nkxeg93/,2
1od3ae8,nkxekqj,https://www.reddit.com//r/Asia_irl/comments/1od3ae8/why_do_indian_men_oppose_islam/nkxekqj/,2
1odro0b,nkxeo85,https://www.reddit.com//r/memes/comments/1odro0b/gone_reduced_to_atoms/nkxeo85/,2
1odnhb9,nkxf3mn,https://www.reddit.com//r/amIuglyBrutallyHonest/comments/1odnhb9/19m_single_am_i_ugly/nkxf3mn/,2
1odyp3q,nkxf95z,https://www.reddit.com//r/LifeAdvice/comments/1odyp3q/i_dont_have_a_plan_for_my_life_at_16/nkxf95z/,0
1od4bbn,nkxfea3,https://www.reddit.com//r/NarutoPowerscaling/comments/1od4bbn/does_ems_madara_have_any_win_conditions/nkxfea3/,2
1ocp817,nkxffxx,https://www.reddit.com//r/linuxsucks/comments/1ocp817/one_thing_i_will_never_understand_about_this/nkxffxx/,2
1odxh5b,nkxfl4o,https://www.reddit.com//r/Battlefield/comments/1odxh5b/hooptybooty_on_twitter/nkxfl4o/,1
1odxw3h,nkxfovi,https://www.reddit.com//r/Instagram/comments/1odxw3h/anyone_else_instagram_and_facebook_got_infested/nkxfovi/,0
1odykl9,nkxfsoy,https://www.reddit.com//r/TwentiesIndia/comments/1odykl9/told_my_girlfriend_that_she_made_me_realise_that/nkxfsoy/,2
1oda51l,nkxft0c,https://www.reddit.com//r/alcohol/comments/1oda51l/i_21f_drink_once_a_week_and_im_worried_about/nkxft0c/,1
1ocea1s,nkxfta0,https://www.reddit.com//r/DoumaCult/comments/1ocea1s/im_being_banned_for_worshipping_lord_douma/nkxfta0/,1
1odysig,nkxfym2,https://www.reddit.com//r/WorldofTanks/comments/1odysig/which_tanks_do_you_have_an_unpopular_opinion_about/nkxfym2/,0
1odq9ib,nkxfz03,https://www.reddit.com//r/TheNFLVibes/comments/1odq9ib/titans_struggling_rookie_qb_cam_ward_started/nkxfz03/,0
1odt298,nkxg01s,https://www.reddit.com//r/fellowshipgame/comments/1odt298/healing/nkxg01s/,1
1oduu7e,nkxg2nc,https://www.reddit.com//r/FanFiction/comments/1oduu7e/understanding_of_shipping_characters_with_ocs/nkxg2nc/,0
1odrc0t,nkxg2q8,https://www.reddit.com//r/IndianMeme/comments/1odrc0t/is_talking_about_male_suicide_numbers_misogyny/nkxg2q8/,2
1od3u4x,nkxg2r1,https://www.reddit.com//r/Scotland2/comments/1od3u4x/heads_up_british_troops_deployed_to_israel_to/nkxg2r1/,1
1odfwgw,nkxg4s6,https://www.reddit.com//r/linuxsucks/comments/1odfwgw/loonixtards_when_they_see_my_exposé/nkxg4s6/,2
1odylkh,nkxg5v0,https://www.reddit.com//r/csgo/comments/1odylkh/i_dont_think_valve_has_the_right_to_make_such/nkxg5v0/,1
1od3lqq,nkxgg4i,https://www.reddit.com//r/NewDelhi/comments/1od3lqq/white_british_streamer_sam_pepper_fires_rocket_at/nkxgg4i/,1
1odszbh,nkxgkb4,https://www.reddit.com//r/StarWarsCirclejerk/comments/1odszbh/i_can_feel_the_anger_in_the_comments/nkxgkb4/,0
1odw798,nkxh1mk,https://www.reddit.com//r/TeenPakistani/comments/1odw798/men_cant_drive/nkxh1mk/,2
1od15rz,nkxh5mf,https://www.reddit.com//r/IndigenousCanada/comments/1od15rz/teacher_talking_down_on_my_identity/nkxh5mf/,1
1odph0g,nkxh79v,https://www.reddit.com//r/ugly/comments/1odph0g/i_cheat_on_my_gf_with_escorts_because_im_ugly/nkxh79v/,2
1odvstw,nkxhh8o,https://www.reddit.com//r/nba/comments/1odvstw/victor_wembanyama_its_just_the_beginning_theres/nkxhh8o/,0
1oborce,nkxhjat,https://www.reddit.com//r/HungrySharkWorld/comments/1oborce/the_game_is_dead/nkxhjat/,2
1odyzqi,nkxhji9,https://www.reddit.com//r/memes/comments/1odyzqi/every_single_time/nkxhji9/,2
1odbh5k,nkxhzdh,https://www.reddit.com//r/footballmemes/comments/1odbh5k/barca_fan_here_but_this_is_so_true/nkxhzdh/,1
1odwvbm,nkxhzmg,https://www.reddit.com//r/aussie/comments/1odwvbm/does_aboriginal_traditional_hunting_practices/nkxhzmg/,2
1odz15j,nkxi737,https://www.reddit.com//r/AskAnAustralian/comments/1odz15j/why_are_australians_quite_defensive/nkxi737/,2
1odv4rw,nkxiggy,https://www.reddit.com//r/kingdomcome/comments/1odv4rw/kcd1_has_anyone_played_this_game_with_keyboard/nkxiggy/,0
1odqg66,nkxigj4,https://www.reddit.com//r/WorldofTanks/comments/1odqg66/dear_heavy_mains_medium_enjoyers_and_light_tank/nkxigj4/,2
1odfofv,nkxilla,https://www.reddit.com//r/DeadByDaylightRAGE/comments/1odfofv/why_do_survivors_count_a_3k_as_a_win/nkxilla/,0
1odwffe,nkxjafv,https://www.reddit.com//r/UKJobs/comments/1odwffe/he_worked_at_waitrose_unpaid_for_four_years_but/nkxjafv/,1
1odyco2,nkxjdtd,https://www.reddit.com//r/FortNiteBR/comments/1odyco2/whats_your_opinion_on_blitz/nkxjdtd/,0
1odordq,nkxjegq,https://www.reddit.com//r/4chan/comments/1odordq/i_love_happy_endings/nkxjegq/,1
1ocggye,nkxjeuc,https://www.reddit.com//r/SikeOrPsyche/comments/1ocggye/men_are_predators/nkxjeuc/,2
1odbpn2,nkxjkns,https://www.reddit.com//r/oddlysatisfying/comments/1odbpn2/the_dutch_roundabout/nkxjkns/,0
1ofmf96,nlaslgm,https://www.reddit.com//r/Battlefield/comments/1ofmf96/imagine_buying_skins_in_a_70_game/nlaslgm/,2
1ofq0dc,nlb2znh,https://www.reddit.com//r/OffMyChestIndia/comments/1ofq0dc/being_very_tall_millennial_women_a_big_problem_in/nlb2znh/,1
1oeuk9q,nlb7drz,https://www.reddit.com//r/freakingoutFR/comments/1oeuk9q/the_entitlement_of_these_people/nlb7drz/,2
1ofsqh4,nlbdew1,https://www.reddit.com//r/howyoudoin/comments/1ofsqh4/richard_didnt_care_about_monicas_heart/nlbdew1/,1
1ofkins,nlbmlit,https://www.reddit.com//r/halo/comments/1ofkins/ce_remake_discourse/nlbmlit/,0
1oftdtj,nlbob28,https://www.reddit.com//r/Fishing/comments/1oftdtj/i_always_go_beach_fishing_with_lugworms_however_i/nlbob28/,0
1oftnck,nlbq0m3,https://www.reddit.com//r/billsimmons/comments/1oftnck/espn_pulling_their_signature_move_with_the/nlbq0m3/,2
1ofupwo,nlbrd0a,https://www.reddit.com//r/Mommit/comments/1ofupwo/husband_hiding_large_monetary_gift/nlbrd0a/,1
1ofsk9e,nlbuel0,https://www.reddit.com//r/RemoveOneThingEachDay/comments/1ofsk9e/va11_halla_and_citizen_sleeper_are_out_the_top/nlbuel0/,0
1ofitqk,nlc4dcd,https://www.reddit.com//r/AmazonVine/comments/1ofitqk/its_not_bait_n_switch_not_exactly/nlc4dcd/,0
1ofsqs5,nlcga12,https://www.reddit.com//r/CringeTikToks/comments/1ofsqs5/substitute_teacher_fired_on_her_first_day_of/nlcga12/,1
1o7qk30,nlch120,https://www.reddit.com//r/Philippines/comments/1o7qk30/theory_i_think_the_whole_barzaga_glazing_recently/nlch120/,1
1ofxkf7,nlcvt3q,https://www.reddit.com//r/ToxicRelationships/comments/1ofxkf7/i_need_to_vent_about_my_girlfriend/nlcvt3q/,2
1ofiv5v,nld896x,https://www.reddit.com//r/Sparkdriver/comments/1ofiv5v/i_screwd_myself_today/nld896x/,0
1ofrn6t,nldtbpn,https://www.reddit.com//r/ItsAllAboutGames/comments/1ofrn6t/30_game_vs_70_game/nldtbpn/,2
1og17zb,nldztaz,https://www.reddit.com//r/hot_dog/comments/1og17zb/ayyyy_who_wants_a_hot_dog_with_their_onion/nldztaz/,1
1og328m,nle0izs,https://www.reddit.com//r/ufc/comments/1og328m/tom_is_a_quitter_fighters_have_fought_with_one/nle0izs/,2
1og3pk4,nle0ovj,https://www.reddit.com//r/pokemon/comments/1og3pk4/fun_fact_pokémon_legends_za_is_the_first_mainline/nle0ovj/,1
1ofumsn,nlebmiw,https://www.reddit.com//r/cs2/comments/1ofumsn/valve_employes_insider_trading/nlebmiw/,2
1og6ynh,nleh75p,https://www.reddit.com//r/Battlefield/comments/1og6ynh/ea_suspension_no_game_updated_post_with_proof/nleh75p/,0
1o80tg1,nleof21,https://www.reddit.com//r/FireCountry/comments/1o80tg1/anyone_excited_for_sheriff_country/nleof21/,0
1og7k1o,nleq4fj,https://www.reddit.com//r/OPMFolk/comments/1og7k1o/opmfolk_the_best_subreddit/nleq4fj/,2
1ofkfeq,nleqxs0,https://www.reddit.com//r/Battlefield6/comments/1ofkfeq/the_game_is_good_the_community_is_not/nleqxs0/,1
1odz15j,nlf0uan,https://www.reddit.com//r/AskAnAustralian/comments/1odz15j/why_are_australians_quite_defensive/nlf0uan/,2
1ofujm3,nlf8o4b,https://www.reddit.com//r/TwoBestFriendsPlay/comments/1ofujm3/franchiseshattering_endings_in_media/nlf8o4b/,0
1ogb1bu,nlfilp2,https://www.reddit.com//r/fucknintendo/comments/1ogb1bu/all_the_brigaders_from_the_za_subreddit_for_some/nlfilp2/,2
1oftpcr,nlfkm10,https://www.reddit.com//r/Wellthatsucks/comments/1oftpcr/jogger_knocks_down_halloween_decorations_for_no/nlfkm10/,1
1ogc80v,nlfmogy,https://www.reddit.com//r/Konosuba/comments/1ogc80v/is_there_anything_that_bothers_you_about_the/nlfmogy/,2
1lcse2l,nlfre1i,https://www.reddit.com//r/expedition33/comments/1lcse2l/i_feel_bait_and_switched_by_the_ending/nlfre1i/,1
1og1mym,nlfser8,https://www.reddit.com//r/Fishing_Gear/comments/1og1mym/today_i_went_to_dicks_sporting_goods/nlfser8/,0
1ogajmy,nlfvjho,https://www.reddit.com//r/KpopDemonhunters/comments/1ogajmy/im_crying_why_did_she_add_a_promise_here_thats_so/nlfvjho/,0
1ogczln,nlg1lto,https://www.reddit.com//r/antiai/comments/1ogczln/pros_in_a_nutshell/nlg1lto/,2
1ofls9h,nlg20f5,https://www.reddit.com//r/GenZ/comments/1ofls9h/hell_yea_we_getting_paid_thank_you_anonymous/nlg20f5/,2
1oh20c4,nlkvvdy,https://www.reddit.com//r/Deltarune/comments/1oh20c4/i_am_disappointed_with_deltarune_so_far/nlkvvdy/,2
1oh0qdj,nll3wub,https://www.reddit.com//r/kings/comments/1oh0qdj/game_thread_sacramento_kings_11_vs_los_angeles/nll3wub/,0
1ogt9x5,nllq6ir,https://www.reddit.com//r/rivals/comments/1ogt9x5/rivals_character_tierlist_based_on_my_own/nllq6ir/,0
1ogn9oe,nllt0hz,https://www.reddit.com//r/amiugly/comments/1ogn9oe/20f_no_friends_or_boyfriend_is_it_bc_of_my_looks/nllt0hz/,2
1oh8zac,nlm8h2k,https://www.reddit.com//r/RoyaleAPI/comments/1oh8zac/how_good_are_the_replacements_what_matchups_change/nlm8h2k/,0
1oh1rof,nlmm4u7,https://www.reddit.com//r/Eldenring/comments/1oh1rof/15_hours_stuck_with_this_guy/nlmm4u7/,0
1ohcckg,nln9jb3,https://www.reddit.com//r/CyreneMains/comments/1ohcckg/im_gonna_say_it_i_love_this/nln9jb3/,0
1ofz8rm,nlokpmm,https://www.reddit.com//r/Ranching/comments/1ofz8rm/trump_calls_ranchers_dumb_after_they_claim_his/nlokpmm/,2
1ohi6vh,nlolzj8,https://www.reddit.com//r/HayDay/comments/1ohi6vh/so_sick_of_all_the_ghosts/nlolzj8/,1
1ohkx49,nlomlud,https://www.reddit.com//r/AITAH/comments/1ohkx49/aita_for_ending_an_8year_friendship_after_my_best/nlomlud/,1
1ohrxti,nlquc1b,https://www.reddit.com//r/torontoraptors/comments/1ohrxti/game_thread_san_antonio_spurs_vs_toronto_raptors/nlquc1b/,0
1ohvqo5,nlqyswu,https://www.reddit.com//r/MiniatureSchnauzer/comments/1ohvqo5/stalking_behaviour_during_play/nlqyswu/,0
1ohsem3,nlrvngy,https://www.reddit.com//r/ufc/comments/1ohsem3/daniel_cormier_said_hes_upset_with_tom_aspinall/nlrvngy/,1
1of08ql,nls5zvo,https://www.reddit.com//r/HonkaiStarRail/comments/1of08ql/so_do_you_guys_want_the_bow_or_not/nls5zvo/,0
1oi33gn,nlsn42n,https://www.reddit.com//r/maldives/comments/1oi33gn/anyone_got_fishing_tips_asking_for_a_friend_any/nlsn42n/,0
1oi3w0n,nlsnf4t,https://www.reddit.com//r/DuetNightAbyssDNA/comments/1oi3w0n/imagine_playing_the_game_and_not_crushing/nlsnf4t/,1
1ogwrzs,nlv5g80,https://www.reddit.com//r/AntiForsaken/comments/1ogwrzs/forsaken_players_when_people_draw_females/nlv5g80/,0
1oi7ca5,nlvi9a1,https://www.reddit.com//r/LivestreamFail/comments/1oi7ca5/hasan_political_commentary_about_white_people_in/nlvi9a1/,2
1ohgk6o,nlvp8xm,https://www.reddit.com//r/AnimeEspanol/comments/1ohgk6o/_/nlvp8xm/,0
1oi91c7,nlvqsfe,https://www.reddit.com//r/guitarcirclejerk/comments/1oi91c7/kevin_jonas_with_a_crazy_solo/nlvqsfe/,0
1oijy8d,nlw3ue2,https://www.reddit.com//r/monte_video/comments/1oijy8d/amo_a_trump/nlw3ue2/,2
1oilimm,nlwd0mf,https://www.reddit.com//r/angrybirds/comments/1oilimm/this_game_is_over_hated/nlwd0mf/,0
1oimf3j,nlwimi0,https://www.reddit.com//r/BleachPowerScaling/comments/1oimf3j/whats_going_on_with_naruto_fans_on_tiktok_rn_they/nlwimi0/,0
1ogkf1s,nlwlaob,https://www.reddit.com//r/StanleyMOV/comments/1ogkf1s/6_7_kid_announcing_that_he_is_going_to_make_a_6_7/nlwlaob/,1
1oim7i3,nlwlke6,https://www.reddit.com//r/Necrontyr/comments/1oim7i3/how_do_you_guys_fight_against_space_marines/nlwlke6/,0
1oi97my,nlwnshc,https://www.reddit.com//r/FortWorth/comments/1oi97my/wonder_what_it_might_take_to_remove_this_dude/nlwnshc/,1
1og542o,nlwnzno,https://www.reddit.com//r/AmITheAngel/comments/1og542o/aita_for_kicking_my_stepdaughter_out_because_of/nlwnzno/,2
1oinntf,nlws9j5,https://www.reddit.com//r/Battlefield/comments/1oinntf/other_lgbt_operators_please/nlws9j5/,2
1oinnyx,nlwu78e,https://www.reddit.com//r/politics/comments/1oinnyx/cnn_data_guru_stunned_after_polls_reveal_whos/nlwu78e/,2
1oimskg,nlxb5md,https://www.reddit.com//r/AmIOverreacting/comments/1oimskg/is_this_a_healthy_way_to_be_spoken_to_by_a_spouse/nlxb5md/,1
1oesgv0,nlxfkmu,https://www.reddit.com//r/OptionsMillionaire/comments/1oesgv0/did_i_just_get_robbed_by_robinhood/nlxfkmu/,0
1oil224,nlxha5z,https://www.reddit.com//r/GundamTCG/comments/1oil224/gjallahorn_lists/nlxha5z/,0
1oigrgk,nlxvj6a,https://www.reddit.com//r/btd6/comments/1oigrgk/btd6_comprehensive_guide_druid_51x/nlxvj6a/,0
1oil1ou,nlydtkm,https://www.reddit.com//r/Fencing/comments/1oil1ou/advice/nlydtkm/,0
1oeon1f,nlyhr4s,https://www.reddit.com//r/PlantsVSZombies/comments/1oeon1f/guys_is_this_a_normal_gameplay_my_friend_is_mad/nlyhr4s/,2
1oix4ab,nlyrimq,https://www.reddit.com//r/helpme/comments/1oix4ab/my_hookup_might_be_trying_to_trap_me_with_a_baby/nlyrimq/,0
1oioel3,nlz3igm,https://www.reddit.com//r/Battlefield/comments/1oioel3/feels_like_bait_and_switch/nlz3igm/,1
1oicwid,nlz4brh,https://www.reddit.com//r/UnderReportedNews/comments/1oicwid/how_is_this_image_antisemitic/nlz4brh/,2
1oillzy,nlz4pw4,https://www.reddit.com//r/LandoNorris/comments/1oillzy/well_said_jacques_villenueve/nlz4pw4/,0
1oizkuq,nlz7vko,https://www.reddit.com//r/askgaybros/comments/1oizkuq/gays_and_bisexuals_are_really_meant_to_be_with/nlz7vko/,2
1oizoq9,nlz8ux0,https://www.reddit.com//r/CharteredAccountants/comments/1oizoq9/ca_aspirant_sisters_above_age_26/nlz8ux0/,2
1ohu1gq,nlz9e8e,https://www.reddit.com//r/funnyIndia/comments/1ohu1gq/_/nlz9e8e/,2
1oiob5j,nlzf5zp,https://www.reddit.com//r/kitchencels/comments/1oiob5j/had_a_dream_a_nurse_rubbed_my_forearm_for_a_half/nlzf5zp/,1
1oduykb,nkxjv32,https://www.reddit.com//r/kettlebell/comments/1oduykb/i_lack_explosiveness_for_basketball_i_was_told_to/nkxjv32/,0
1odb37m,nkxk5qe,https://www.reddit.com//r/PhilosophyMemes/comments/1odb37m/a_message_for_the_fake_vegans_from_an_og/nkxk5qe/,1
1odzgln,nkxk8sj,https://www.reddit.com//r/LifeAdvice/comments/1odzgln/im_18_my_life_turned_upside_down_and_im_the_one/nkxk8sj/,1
1odqezn,nkxk8wd,https://www.reddit.com//r/EyeOfTerror/comments/1odqezn/incredibly_rare_based_grimdank/nkxk8wd/,0
1ocsjk0,nkxk9k6,https://www.reddit.com//r/LooksmaxingAdvice/comments/1ocsjk0/16m_tips/nkxk9k6/,1
1ocnrtb,nkxkad4,https://www.reddit.com//r/GenAlpha/comments/1ocnrtb/why_sybau_doesnt_work/nkxkad4/,0
1od7jf2,nkxkgak,https://www.reddit.com//r/uscg/comments/1od7jf2/why_dont_you_just_quit/nkxkgak/,2
1od8c9l,nkxklnd,https://www.reddit.com//r/SonicTheHedgehog/comments/1od8c9l/discussion_sonic_the_hedgehog_chaotixs_30th/nkxklnd/,0
1odkb88,nkxkr2i,https://www.reddit.com//r/PhilosophyMemes/comments/1odkb88/keep_the_fight_going_guys/nkxkr2i/,0
1ocq2of,nkxkrag,https://www.reddit.com//r/TrueOffMyChest/comments/1ocq2of/my_wife_stopped_sending_me_love_notes_and_it/nkxkrag/,0
1odx52h,nkxkspo,https://www.reddit.com//r/LeagueOfMemes/comments/1odx52h/_/nkxkspo/,0
1odkebz,nkxkvr4,https://www.reddit.com//r/teenagers/comments/1odkebz/i_have_a_question_for_everybody_that_believes/nkxkvr4/,1
1odj9qi,nkxky6h,https://www.reddit.com//r/Mouthwashing/comments/1odj9qi/how_do_you_think_anya_would_react_if_a_cat/nkxky6h/,1
1odw5zd,nkxl176,https://www.reddit.com//r/CBSE/comments/1odw5zd/you_guys_is_my_writing_not_legible_my_teachers/nkxl176/,1
1ocvmpj,nkxlaph,https://www.reddit.com//r/PokemonTCG/comments/1ocvmpj/no_packs_in_stores_was_itching_to_crack_something/nkxlaph/,0
1oakqqt,nkxlfn9,https://www.reddit.com//r/MandJTV/comments/1oakqqt/i_guess_people_just_didnt_watch_the_anime_huh/nkxlfn9/,1
1odzb5w,nkxlh10,https://www.reddit.com//r/DebateAVegan/comments/1odzb5w/meat_is_essential_for_human_health/nkxlh10/,2
1odxktl,nkxlha0,https://www.reddit.com//r/facepalm/comments/1odxktl/the_selective_bias_on_x_is_insane/nkxlha0/,1
1odznud,nkxlkgt,https://www.reddit.com//r/AlignmentChartFills/comments/1odznud/wildcard_chart_the_riddler_has_the_most_logo_what/nkxlkgt/,0
1oc8dje,nkxll3l,https://www.reddit.com//r/asia/comments/1oc8dje/why_chinese_microdramas_are_all_the_rage_both_in/nkxll3l/,0
1odqugo,nkxlnmw,https://www.reddit.com//r/USHistory/comments/1odqugo/college_students_react_to_the_verdict_in_the/nkxlnmw/,0
1odlysm,nkxlotw,https://www.reddit.com//r/SleeperApp/comments/1odlysm/the_trade_that_shocked_the_league_please_provide/nkxlotw/,2
1odsr91,nkxlp8h,https://www.reddit.com//r/LegendsZA/comments/1odsr91/just_gonna_put_this_here/nkxlp8h/,1
1odeei4,nkxlphr,https://www.reddit.com//r/mildlyinfuriating/comments/1odeei4/my_neighbor_sent_me_a_text_last_night_forcing_me/nkxlphr/,0
1odi0it,nkxlpls,https://www.reddit.com//r/haikyuu/comments/1odi0it/episode_3_of_season_3_guess_monster_was_aired_9/nkxlpls/,0
1odsu2d,nkxlw9k,https://www.reddit.com//r/NepalSocial/comments/1odsu2d/sandeep_you_shamed_yourself_long_before_paradygm/nkxlw9k/,1
1odq4dz,nkxlzoj,https://www.reddit.com//r/PsycheOrSike/comments/1odq4dz/privledge/nkxlzoj/,0
1odwzo5,nkxm12w,https://www.reddit.com//r/animeindian/comments/1odwzo5/im_tired_thats_why_recommended_me_a_good_1213_ep/nkxm12w/,0
1od95cr,nkxm3mj,https://www.reddit.com//r/whowouldcirclejerk/comments/1od95cr/shes_a_leaf_what_the_fuck_is_happening/nkxm3mj/,0
1odv92c,nkxme6p,https://www.reddit.com//r/jurassicworldevo/comments/1odv92c/literally_the_second_i_boot_up_the_damn_game_man/nkxme6p/,1
1odw2ee,nkxmgki,https://www.reddit.com//r/Gamer/comments/1odw2ee/whats_the_worst_game_youve_ever_played/nkxmgki/,0
1od8lbj,nkxmjkv,https://www.reddit.com//r/immigration/comments/1od8lbj/walmart_halts_job_offers_for_h1b_visa_candidates/nkxmjkv/,0
1odplba,nkxmmxm,https://www.reddit.com//r/writingscaling/comments/1odplba/death_and_the_strawberry/nkxmmxm/,0
1odyzpt,nkxmou7,https://www.reddit.com//r/StableDiffusion/comments/1odyzpt/wan_22_maximum_pixels_in_vram_for_rtx5080_and/nkxmou7/,0
1odycai,nkxmpij,https://www.reddit.com//r/formuladank/comments/1odycai/when_you_know_half_of_the_mclaren_lando_hate/nkxmpij/,1
1odmj0x,nkxmqr8,https://www.reddit.com//r/PS3/comments/1odmj0x/my_recent_ps3_purchase/nkxmqr8/,0
1ocae76,nkxms7d,https://www.reddit.com//r/Battlefield6/comments/1ocae76/c4_100_needs_a_buff_this_is_absolutely_criminal/nkxms7d/,0
1odzul6,nkxmw2k,https://www.reddit.com//r/AlignmentChartFills/comments/1odzul6/actorvoice_actor_chart_is_complete_thanks_everyone/nkxmw2k/,0
1odhirz,nkxn0f2,https://www.reddit.com//r/foundobjectshowsimp/comments/1odhirz/hubba_hubba_awooga_awooga/nkxn0f2/,2
1odxo4h,nkxn2wb,https://www.reddit.com//r/Advice/comments/1odxo4h/my_uncle_caught_me_having_a_boyfriend_and_now_i/nkxn2wb/,2
1octha1,nkxn6h2,https://www.reddit.com//r/tattoos/comments/1octha1/what_asked_for_vs_the_tattoo/nkxn6h2/,1
1odw07j,nkxnaba,https://www.reddit.com//r/baseball/comments/1odw07j/springers_advocacy_for_kids_who_stutter/nkxnaba/,2
1odzmcz,nkxnfcz,https://www.reddit.com//r/TVTooHigh/comments/1odzmcz/almost_had_a_heart_attack_hanging_this_thing_did/nkxnfcz/,2
1oalckk,nkxnh8u,https://www.reddit.com//r/tamil_nadu/comments/1oalckk/according_to_liberals/nkxnh8u/,2
1od5yjv,nkxni02,https://www.reddit.com//r/LeopardsAteMyFace/comments/1od5yjv/were_fucked_as_farmers_farmers_who_counted_on/nkxni02/,2
1odyld5,nkxnq25,https://www.reddit.com//r/HistoryMemes/comments/1odyld5/you_give_us_corn_we_give_you_g_e_n_o_c_i_d_e/nkxnq25/,2
1odya30,nkxnwlz,https://www.reddit.com//r/Hunting/comments/1odya30/racoon_cage_trap_terrible/nkxnwlz/,1
1oak8uc,nkxo0ix,https://www.reddit.com//r/RobloxEvade/comments/1oak8uc/bruh_one_is_enough/nkxo0ix/,0
1odzz5z,nkxoojp,https://www.reddit.com//r/Umaddit/comments/1odzz5z/just_imagine_thats_me/nkxoojp/,0
1odgcax,nkxorva,https://www.reddit.com//r/michaeljordan/comments/1odgcax/without_a_doubt_jordan_is_the_greatest_scorer_of/nkxorva/,2
1oe01cx,nkxoy4f,https://www.reddit.com//r/SameGrassButGreener/comments/1oe01cx/how_do_people_not_live_in_california/nkxoy4f/,1
1oe000g,nkxp9uf,https://www.reddit.com//r/LookismPowerScalers/comments/1oe000g/i_cant_even_decide_if_this_is_ragebait_these_tik/nkxp9uf/,2
1odbjvv,nkxpirn,https://www.reddit.com//r/OutlastTrials/comments/1odbjvv/invasion_opinion/nkxpirn/,2
1odp84q,nkxpo0w,https://www.reddit.com//r/coworkerstories/comments/1odp84q/my_coworker_is_asking_to_stay_at_my_place/nkxpo0w/,1
1odxufd,nkxpq9i,https://www.reddit.com//r/chisamains/comments/1odxufd/chisa_tldr_all_types_of_buffs/nkxpq9i/,0
1oduat2,nkxprn2,https://www.reddit.com//r/ukcj/comments/1oduat2/a_new_video_has_emerged_showing_muslim_men/nkxprn2/,2
1oacbm4,nkxpvb9,https://www.reddit.com//r/grandrapids/comments/1oacbm4/anyone_know_this_guy/nkxpvb9/,0
1odr8rh,nkxq0yw,https://www.reddit.com//r/progressivemoms/comments/1odr8rh/what_are_your_rules_for_polite_interaction_among/nkxq0yw/,0
1oby007,nkxq5aa,https://www.reddit.com//r/windowsmemes/comments/1oby007/i_swear_this_happens_every_time_i_boot_up_my/nkxq5aa/,0
1odycsp,nkxq9wi,https://www.reddit.com//r/Division2/comments/1odycsp/halloween_skins/nkxq9wi/,0
1odvhuk,nkxqfgu,https://www.reddit.com//r/ShadowSlave/comments/1odvhuk/shadows_lineage/nkxqfgu/,0
1ob4qw5,nkxquho,https://www.reddit.com//r/TruckerCam/comments/1ob4qw5/are_you_fucking_kidding_me/nkxquho/,1
1odj3sn,nkxqyw7,https://www.reddit.com//r/AskAGerman/comments/1odj3sn/what_is_something_that_if_it_were_to_become_true/nkxqyw7/,1
1odyrci,nkxr1yh,https://www.reddit.com//r/DragonAdventures/comments/1odyrci/i_am_so_tired_of_these_prices_rant/nkxr1yh/,1
1obfu8k,nkxr3oq,https://www.reddit.com//r/PublicFreakout/comments/1obfu8k/dad_berates_son_for_not_being_a_cold_blooded/nkxr3oq/,1
1oe03st,nkxrhnl,https://www.reddit.com//r/Cinema/comments/1oe03st/which_actionthriller_movie_do_you_love_but_most/nkxrhnl/,0
1odznwp,nkxrli4,https://www.reddit.com//r/childfree/comments/1odznwp/youll_want_kids_once_you_fall_in_love/nkxrli4/,0
1o5ixou,nkxrspj,https://www.reddit.com//r/ShatteredPD/comments/1o5ixou/best_passive/nkxrspj/,0
1obcplc,nkxrycf,https://www.reddit.com//r/DesignIndia/comments/1obcplc/how_much_does_a_uiux_designer_actually_make_in/nkxrycf/,0
1odvmyy,nkxrzt5,https://www.reddit.com//r/redditonwiki/comments/1odvmyy/not_oop_aitah_for_telling_my_husband_he/nkxrzt5/,1
1odv88p,nkxshc1,https://www.reddit.com//r/ClimateShitposting/comments/1odv88p/ngl_borgar/nkxshc1/,2
1odf49b,nkxsltb,https://www.reddit.com//r/AmITheJerk/comments/1odf49b/aitj_for_not_giving_my_stepson_18m_my_late_wifes/nkxsltb/,2
1oe0869,nkxsr35,https://www.reddit.com//r/iitkgp/comments/1oe0869/same_person_btw/nkxsr35/,0
1odoo43,nkxtscx,https://www.reddit.com//r/SubredditDrama/comments/1odoo43/is_taylor_swift_dogwhistling_to_nazis_with_a/nkxtscx/,1
1oe0sm3,nkxtsj2,https://www.reddit.com//r/AlignmentChartFills/comments/1oe0sm3/doomguy_rips_and_tears_his_way_into_the_gaming/nkxtsj2/,0
1oclco5,nkxu5h2,https://www.reddit.com//r/kingofqueens/comments/1oclco5/no_koq_in_the_top_50_is_criminal/nkxu5h2/,1
1oe0uvb,nkxu8np,https://www.reddit.com//r/LifeAdvice/comments/1oe0uvb/in_one_week_lost_25k_and_broken_up/nkxu8np/,0
1odva73,nkxuhbs,https://www.reddit.com//r/CricketBuddies/comments/1odva73/yuvi_skipped_both_dhoni_sachin/nkxuhbs/,1
1od6ndj,nkxuj5q,https://www.reddit.com//r/TrueGrit/comments/1od6ndj/whats_the_best_advice_youve_learned_for/nkxuj5q/,0
1od7rsq,nkxuldw,https://www.reddit.com//r/Pikmin/comments/1od7rsq/pikmin_4_is_getting_a_free_upgrade_in_november/nkxuldw/,0
1oe097p,nkxurxf,https://www.reddit.com//r/ItEndsWithLawsuits/comments/1oe097p/alleged_smear_campaign_messages_that_autodeleted/nkxurxf/,0
1odbi22,nkxwovm,https://www.reddit.com//r/DnDcirclejerk/comments/1odbi22/i_want_all_my_sessions_to_be_a_triton/nkxwovm/,0
1ocv9nw,nkxx5m5,https://www.reddit.com//r/im14andthisisdeep/comments/1ocv9nw/im_14_and_this_is_deep/nkxx5m5/,0
1odoj9m,nkxxwey,https://www.reddit.com//r/AskWomenOver30/comments/1odoj9m/women_leaving_the_workforce_rant/nkxxwey/,1
1odyo9w,nkxyy08,https://www.reddit.com//r/Helldivers/comments/1odyo9w/hell_yeah_its_usable_now/nkxyy08/,0
1oe1lmu,nkxzrck,https://www.reddit.com//r/AlignmentChartFills/comments/1oe1lmu/day_10_alan_shearer_takes_his_spot_now_who_was_a/nkxzrck/,0
1odxnnw,nkxzzuk,https://www.reddit.com//r/GreatBritishMemes/comments/1odxnnw/the_eternal_question/nkxzzuk/,1
1occ8tb,nky0it8,https://www.reddit.com//r/CarInsuranceUK/comments/1occ8tb/why_are_the_car_insurance_prices_are_so_high/nky0it8/,0
1obygpy,nky1cg4,https://www.reddit.com//r/SourdoughStarter/comments/1obygpy/5_week_old_starter_should_i_give_up/nky1cg4/,0
1od2g8w,nky47d6,https://www.reddit.com//r/SGExams/comments/1od2g8w/405201_o_level_mathematics_exam_megathread/nky47d6/,0
1odskqx,nky5911,https://www.reddit.com//r/Battlefield6/comments/1odskqx/portal_experience_update/nky5911/,0
1oe1pix,nky6qse,https://www.reddit.com//r/GearsOfWar/comments/1oe1pix/no_patience/nky6qse/,1
1odzwir,nky741n,https://www.reddit.com//r/SkateEA/comments/1odzwir/hopeless_regarding_the_future_of_skate/nky741n/,2
1odazhf,nky8fno,https://www.reddit.com//r/Shadowverse/comments/1odazhf/sore_loser/nky8fno/,2
1odwik8,nky9n6j,https://www.reddit.com//r/ComedyHell/comments/1odwik8/ratio/nky9n6j/,2
1odze98,nkyc0qw,https://www.reddit.com//r/DBLegendsReddit/comments/1odze98/you_are_not_that_guy_bud/nkyc0qw/,2
1odp7ft,nkycgxn,https://www.reddit.com//r/rivals/comments/1odp7ft/im_starting_to_see_a_worrying_trend/nkycgxn/,2
1o3hugy,nkyfppd,https://www.reddit.com//r/DamnThatsReal/comments/1o3hugy/total_delusion/nkyfppd/,2
1oe2tiq,nkyhz3m,https://www.reddit.com//r/altfashionadvice/comments/1oe2tiq/i_combined_mohair_and_cotton_into_a_single/nkyhz3m/,0
1oe2tf4,nkyiil1,https://www.reddit.com//r/ExposingWendyWortham/comments/1oe2tf4/sm_called_last_night_c_told_her_she_doesnt/nkyiil1/,1
1odow6l,nkyizeq,https://www.reddit.com//r/newjersey/comments/1odow6l/am_i_cooked/nkyizeq/,1
1oaq9fc,nkyk9ek,https://www.reddit.com//r/VirginiaBeach/comments/1oaq9fc/no_kings_day_protest_why_is_maga_so_triggered_by/nkyk9ek/,2
1oe3jau,nkylvqx,https://www.reddit.com//r/Ohio/comments/1oe3jau/they_dont_care_what_you_voted_for/nkylvqx/,2
1odz495,nkylwdl,https://www.reddit.com//r/whowouldwin/comments/1odz495/batman_columbo_frank_drebin_and_the_scoobygang/nkylwdl/,0
1odpb13,nkyn8wo,https://www.reddit.com//r/RoverPetSitting/comments/1odpb13/not_rehiring_my_longterm_sitter_wwyd/nkyn8wo/,1
1oe40wd,nkyo9ip,https://www.reddit.com//r/CODWarzone/comments/1oe40wd/bring_back_nuke_contracts_if_people_are_gonna/nkyo9ip/,2
1oe2kve,nkyoeo3,https://www.reddit.com//r/blursed_videos/comments/1oe2kve/blursed_question/nkyoeo3/,0
1ocynvw,nkypw15,https://www.reddit.com//r/FascinatingAsFuck/comments/1ocynvw/its_time/nkypw15/,2
1odeckw,nkys5up,https://www.reddit.com//r/OlderGenZ/comments/1odeckw/i_guess_ai_agents_dont_have_expectations/nkys5up/,2
1ob3y5g,nkz0flo,https://www.reddit.com//r/FavoriteCharacter/comments/1ob3y5g/favorite_ragebaiter/nkz0flo/,0
1ocz7aq,nkz4pdb,https://www.reddit.com//r/StrangerThings/comments/1ocz7aq/i_have_watched_this_show_way_too_many_times_over/nkz4pdb/,0
1odso6n,nkz5i0b,https://www.reddit.com//r/doordash/comments/1odso6n/food_arrived_almost_two_hours_later_bc_of_this/nkz5i0b/,2
1odyd1t,nkz7j3d,https://www.reddit.com//r/cs2/comments/1odyd1t/do_not_panic_sell_ffs/nkz7j3d/,1
1odt71v,nkz88s5,https://www.reddit.com//r/JujutsuShenanigans/comments/1odt71v/yuta_players_are_on_something/nkz88s5/,2
1odho4i,nkzd8oe,https://www.reddit.com//r/DebateReligion/comments/1odho4i/people_who_follow_a_religion_are_more_likely_to/nkzd8oe/,2
1oj014l,nlzkvxk,https://www.reddit.com//r/GreekMythology/comments/1oj014l/dionysus_and_apollon/nlzkvxk/,0
1oiy64e,nlzpgi7,https://www.reddit.com//r/AskReddit/comments/1oiy64e/whats_one_youtube_channel_you_watch_every_single/nlzpgi7/,0
1oht06b,nlzr0pk,https://www.reddit.com//r/PopularOnYouTube/comments/1oht06b/whats_your_biggest_youtube_pet_peeve_that_makes/nlzr0pk/,0
1oijamp,nm00zym,https://www.reddit.com//r/mapporncirclejerk/comments/1oijamp/why_are_southerners_stereotyped_as_racist_when/nm00zym/,2
1oix319,nm01u0l,https://www.reddit.com//r/ClashRoyale/comments/1oix319/youre_probably_wondering_how_i_got_into_this/nm01u0l/,0
1oe7zr9,nkzdm0f,https://www.reddit.com//r/AlignmentChartFills/comments/1oe7zr9/which_us_president_iswas_a_good_president_and_a/nkzdm0f/,2
1odw1sc,nkzeh3p,https://www.reddit.com//r/ufc/comments/1odw1sc/conor_mcgregor_gave_some_advice_to_jdm_ahead_of/nkzeh3p/,2
1oe6atu,nkzex67,https://www.reddit.com//r/BlueLock/comments/1oe6atu/which_hairstyle_do_you_prefer_on_kaiser/nkzex67/,0
1odgmux,nkzfl3e,https://www.reddit.com//r/StupidFood/comments/1odgmux/cant_tell_if_rage_bait_tt/nkzfl3e/,0
1oe8nd1,nkzodwp,https://www.reddit.com//r/PokeGrading/comments/1oe8nd1/traded_my_cards_to_get_4_psa_10_did_i_win_or_took/nkzodwp/,1
1oe871i,nkzt1rd,https://www.reddit.com//r/SantiZapVideos/comments/1oe871i/wwe_creative_are_literally_professional_rage/nkzt1rd/,0
1oe9s5k,nkztxuk,https://www.reddit.com//r/NoStupidQuestions/comments/1oe9s5k/is_it_fair_that_i_dont_let_my_childrens_father/nkztxuk/,2
1odr212,nkzw1uy,https://www.reddit.com//r/Destiny/comments/1odr212/empathchan_called_darius_the_f_and_n_slurs_a/nkzw1uy/,1
1oe9w3v,nkzw9h2,https://www.reddit.com//r/OnePiecePowerScaling/comments/1oe9w3v/eos_tier_list/nkzw9h2/,2
1oe5rv4,nkzz2o0,https://www.reddit.com//r/99nightsintheforest/comments/1oe5rv4/what_is_wrong_with_shelves/nkzz2o0/,1
1oc44fk,nl00cgs,https://www.reddit.com//r/PORTUGALCYKABLYAT/comments/1oc44fk/important/nl00cgs/,1
1oe94nn,nl01ydf,https://www.reddit.com//r/2hollis/comments/1oe94nn/and_she_is_completely_right/nl01ydf/,2
1oe4ljd,nl02zk4,https://www.reddit.com//r/bigbrotheruk/comments/1oe4ljd/caroline_is_a_sea_lion/nl02zk4/,0
1oeait6,nl04bpe,https://www.reddit.com//r/UKtiktokbehavingbadly/comments/1oeait6/e_claiming_not_having_a_dad_is_the_reason_they/nl04bpe/,2
1ody71m,nl04mm9,https://www.reddit.com//r/persiancat/comments/1ody71m/our_new_kitten_name_food_suggestion/nl04mm9/,0
1oe8le2,nl069mr,https://www.reddit.com//r/Hololive/comments/1oe8le2/bro_seeing_this_kind_of_art_in_the_wild_gave_me_a/nl069mr/,1
1oe46as,nl06g95,https://www.reddit.com//r/computerhelp/comments/1oe46as/screenshots_dont_get_sent_anywhere/nl06g95/,1
1oe9vfx,nl06hjs,https://www.reddit.com//r/askteenboys/comments/1oe9vfx/what_do_guys_like_about_girls_14f/nl06hjs/,0
1oe594t,nl08hf6,https://www.reddit.com//r/fantanoforever/comments/1oe594t/whos_an_artist_whos_biggest_song_you_think_is/nl08hf6/,0
1oe2xyo,nl0bn8q,https://www.reddit.com//r/MLPIOS/comments/1oe2xyo/what_do_you_think/nl0bn8q/,1
1oec2mw,nl0cskz,https://www.reddit.com//r/AskNOLA/comments/1oec2mw/i_did_not_like_the_food_in_new_orleans_where_did/nl0cskz/,1
1oe3il2,nl0ddva,https://www.reddit.com//r/GrowthMindset/comments/1oe3il2/why_are_we_sabotaging_ourselves/nl0ddva/,0
1oexaj5,nl5jd8v,https://www.reddit.com//r/runwayml/comments/1oexaj5/so_frustrated_with_runway/nl5jd8v/,0
1oewmkr,nl5y3os,https://www.reddit.com//r/spacesimgames/comments/1oewmkr/does_anyone_remember_ega_trek_ive_done_a_little/nl5y3os/,0
1of3ts6,nl6m72w,https://www.reddit.com//r/VictoriaBC/comments/1of3ts6/this_is_what_happened_to_me_noodle_box_langford/nl6m72w/,0
1of3jzh,nl6q4ju,https://www.reddit.com//r/AbsoluteUniverse/comments/1of3jzh/dc_preview_absolute_batman_2025_annual_1/nl6q4ju/,0
1oexfvo,nl72pd0,https://www.reddit.com//r/Sopranosduckposting/comments/1oexfvo/favourite_sopranos_characters/nl72pd0/,0
1of88oo,nl74nx0,https://www.reddit.com//r/geometrydash/comments/1of88oo/does_this_thing_look_good/nl74nx0/,0
1oi0ez8,nm05epx,https://www.reddit.com//r/CandaceOwens/comments/1oi0ez8/war/nm05epx/,0
1ofmeo4,nm1m6f2,https://www.reddit.com//r/YouShouYan/comments/1ofmeo4/pixiu_abuse/nm1m6f2/,1
1oj9aaz,nm1tqxx,https://www.reddit.com//r/Broomfield/comments/1oj9aaz/backtobasic/nm1tqxx/,2
1ojamy3,nm1tqz4,https://www.reddit.com//r/DuetNightAbyssDNA/comments/1ojamy3/end_of_chapter_1_spoilers_feeling_a_little/nm1tqz4/,0
1oj0lww,nm20cs7,https://www.reddit.com//r/AmIOverreacting/comments/1oj0lww/aio_my_boyfriend_21m_got_me_some_flares_for_my/nm20cs7/,1
1oimskg,nm23tjz,https://www.reddit.com//r/AmIOverreacting/comments/1oimskg/is_this_a_healthy_way_to_be_spoken_to_by_a_spouse/nm23tjz/,1
1oj2p82,nm40mlq,https://www.reddit.com//r/bankaifolk/comments/1oj2p82/guys_this_is_not_a_drill_its_true_i_swear/nm40mlq/,0
1ojcaee,nm47luz,https://www.reddit.com//r/babylonbee/comments/1ojcaee/aoc_tells_mom_giving_birth_to_get_a_real_job/nm47luz/,1
1oji5p8,nm4x7ft,https://www.reddit.com//r/billsimmons/comments/1oji5p8/got_to_say_legler_is_an_upgrade_over_russillo/nm4x7ft/,0
1ojfj1y,nm57r5f,https://www.reddit.com//r/Fishing/comments/1ojfj1y/over_spooled_or_bad_spool/nm57r5f/,0
1oj694c,nm5a842,https://www.reddit.com//r/fantasypremierleague/comments/1oj694c/used_my_wildcard_did_i_use_it_well/nm5a842/,1
1ojr18r,nm5dann,https://www.reddit.com//r/Maharashtra/comments/1ojr18r/north_indians_are_narcissists_with_superiority/nm5dann/,2
1ojilnh,nm5fw9q,https://www.reddit.com//r/overemployed/comments/1ojilnh/bait_n_switch_suddenly_not_remote/nm5fw9q/,0
1oj937t,nm5qa8t,https://www.reddit.com//r/Bangkok/comments/1oj937t/i_scraped_70000_bangkok_rental_listings_and_built/nm5qa8t/,0
1ojp8pr,nm5qg1x,https://www.reddit.com//r/clashroyaledecks/comments/1ojp8pr/any_recommended_decks_i_just_reached_10k/nm5qg1x/,0
1ojusdj,nm5vivz,https://www.reddit.com//r/halo/comments/1ojusdj/halo_tv_show_underrated/nm5vivz/,2
1ok99f2,nmb6d7a,https://www.reddit.com//r/NintendoSwitch2/comments/1ok99f2/switch_2_editions/nmb6d7a/,0
1ok9f5g,nmb7216,https://www.reddit.com//r/SilverAndBlood/comments/1ok9f5g/anyone_know_about_this/nmb7216/,0
1okhzdl,nmbby37,https://www.reddit.com//r/HellsKitchen/comments/1okhzdl/hated_chefs_i_didnt_mind/nmbby37/,1
1okm2yf,nmbpe99,https://www.reddit.com//r/radeon/comments/1okm2yf/i_understand_why_people_give_up_on_amd/nmbpe99/,1
1okaw2s,nmbwc4s,https://www.reddit.com//r/CoffinofAndyandLeyley/comments/1okaw2s/leyley_still_doesnt_know_that_her_attachment_to/nmbwc4s/,1
1okfuke,nmc2itk,https://www.reddit.com//r/HollowKnight/comments/1okfuke/a_truly_cancerous_boss_fight/nmc2itk/,1
1okqm6f,nmciuoq,https://www.reddit.com//r/urbanhellcirclejerk/comments/1okqm6f/big_houses_with_gardens_and_garage/nmciuoq/,0
1okobc7,nmck4t9,https://www.reddit.com//r/ClashDecks/comments/1okobc7/hard_stuck_at_98k_how_do_i_break_through_to_10k/nmck4t9/,0
1ok7yw2,nmdt7n6,https://www.reddit.com//r/BlackMythWukong/comments/1ok7yw2/does_anybody_knows_how_to_beat_this_guy/nmdt7n6/,0
1okw1nz,nme5yj5,https://www.reddit.com//r/Fishing/comments/1okw1nz/cape_cod_great_herring_pond/nme5yj5/,0
1okyi4n,nme97e2,https://www.reddit.com//r/Silksong/comments/1okyi4n/i_wont_be_voting_e33_for_the_game_of_the_year/nme97e2/,0
1okefjo,nmeje00,https://www.reddit.com//r/Battlefield/comments/1okefjo/why_did_they_drop_the_6_in_bf6/nmeje00/,0
1ol5x0d,nmfs33u,https://www.reddit.com//r/wow/comments/1ol5x0d/why_isnt_the_community_communal_also_is_it_too/nmfs33u/,1
1ol7dst,nmg1ifk,https://www.reddit.com//r/StardewValley/comments/1ol7dst/legend_fish_pond_duplication/nmg1ifk/,0
1okng1r,nmgn33c,https://www.reddit.com//r/whatdoIdo/comments/1okng1r/gf_saw_a_heart_on_my_windshield/nmgn33c/,0
1ok5s63,nmgrmm7,https://www.reddit.com//r/workout/comments/1ok5s63/been_wasting_money_on_underdosed_supplements_for/nmgrmm7/,1
1ok6vbu,nmh21fk,https://www.reddit.com//r/Pibby/comments/1ok6vbu/four_years_of_waiting_and_searching_nothing_the/nmh21fk/,0
1ol42wn,nmho4v5,https://www.reddit.com//r/pestcontrol/comments/1ol42wn/what_are_these_ants_doing/nmho4v5/,0
1omr6yc,nmt50yh,https://www.reddit.com//r/AmIOverreacting/comments/1omr6yc/am_i_overreacting_to_a_guy_sending_me_his_ideal/nmt50yh/,2
1omzcyi,nmt6gne,https://www.reddit.com//r/MAFS_UK/comments/1omzcyi/we_need_to_talk_about_graces_severe_daddy_issues/nmt6gne/,2
1omzdi8,nmtv77l,https://www.reddit.com//r/SpringfieldArmory/comments/1omzdi8/hey_so_i_let_my_girl_take_apart_my_gun_she_forgot/nmtv77l/,2
1omhj9o,nmulku5,https://www.reddit.com//r/battlecats/comments/1omhj9o/tell_me_your_least_favourite_uber_and_explain_why/nmulku5/,0
