1oyr6v3,np729ij,https://www.reddit.com//r/cyberpunkgame/comments/1oyr6v3/not_the_best_photos_but_my_cyberpunk_cosplay/np729ij/
1oyvoou,np79fcb,https://www.reddit.com//r/Tunisia/comments/1oyvoou/why_girls_live_streaming_are_so_successful_as/np79fcb/
1oyqmex,np7bwum,https://www.reddit.com//r/steelers/comments/1oyqmex/game_thread_cincinnati_bengals_36_at_pittsburgh/np7bwum/
1oywiur,np7hyep,https://www.reddit.com//r/MuslimCorner/comments/1oywiur/do_nice_guys_exist/np7hyep/
1oyq3je,np7s8ze,https://www.reddit.com//r/nfl/comments/1oyq3je/game_thread_redzonegame_hub_week_11/np7s8ze/
1oys757,np86tt4,https://www.reddit.com//r/InflatedEgos/comments/1oys757/scandinavian_fitness_female_influencer_so_abused/np86tt4/
1oyxp92,np8luv2,https://www.reddit.com//r/enem/comments/1oyxp92/fui_eliminado_do_enem/np8luv2/
1oz251j,np8qs2w,https://www.reddit.com//r/Genshin_Impact_Leaks/comments/1oz251j/about_white_horse_adeptus_and_lunar_reactions_via/np8qs2w/
1oxta3j,np8stxn,https://www.reddit.com//r/casualknitting/comments/1oxta3j/hi_i_am_a_comple_beginner_and_want_to_knit_a/np8stxn/
1ovnd8g,np8td48,https://www.reddit.com//r/leopardgeckos/comments/1ovnd8g/update_on_the_ants_in_enclosure_issue_have/np8td48/
1oz3nzv,np93mc8,https://www.reddit.com//r/Humanitydool/comments/1oz3nzv/president_trumps_pardon_of_crypto_billionaire/np93mc8/
1oywazv,np96lec,https://www.reddit.com//r/notinteresting/comments/1oywazv/my_bf_hates_the_way_i_eat_bananas_but_i_have_to/np96lec/
1oz1kxb,np9krcx,https://www.reddit.com//r/nfl/comments/1oz1kxb/game_thread_detroit_lions_63_at_philadelphia/np9krcx/
1oyifg6,np9m8dp,https://www.reddit.com//r/GRBsnark/comments/1oyifg6/the_murderous_b_is_maniac_posting_today/np9m8dp/
1oyzn1u,np9vjva,https://www.reddit.com//r/OlderGenZ/comments/1oyzn1u/we_need_to_laugh_at_this_old_article_crapping_on/np9vjva/
1oz6gpt,npaf4n8,https://www.reddit.com//r/AmIOverreacting/comments/1oz6gpt/aio_update_post_my_bf_32_is_getting_kind_of/npaf4n8/
1oxelh2,npajdhn,https://www.reddit.com//r/DoorDashDrivers/comments/1oxelh2/is_it_bait/npajdhn/
1ozc1na,npajywk,https://www.reddit.com//r/dubai/comments/1ozc1na/got_an_app_idea_let_me_design_it_before_someone/npajywk/
1ozc7o2,npamub3,https://www.reddit.com//r/gerand/comments/1ozc7o2/grosssturmwe_are_short_of_monstersalso_german/npamub3/
1oxykci,npaq59r,https://www.reddit.com//r/AlasFeels/comments/1oxykci/why_do_people_do_that/npaq59r/
1oz1ukc,npawmcf,https://www.reddit.com//r/Philippines/comments/1oz1ukc/magulang_na_pinahiya_ang_mababang_grades_ng_anak/npawmcf/
1oxd9u2,npawto9,https://www.reddit.com//r/TravelMaps/comments/1oxd9u2/am_i_doing_good_18m/npawto9/
1ozfpro,npbaosj,https://www.reddit.com//r/ArcRaiders/comments/1ozfpro/i_extracted_camped_and_i_enjoyed_it/npbaosj/
1ozlkly,npciiza,https://www.reddit.com//r/RHOA/comments/1ozlkly/kroy_cheated_on_wig/npciiza/
1oznb70,npcw8dv,https://www.reddit.com//r/ArgentinaBenderStyle/comments/1oznb70/esto/npcw8dv/
1ozgx4t,npcwi4g,https://www.reddit.com//r/BatmanArkham/comments/1ozgx4t/whats_the_lore_reason_for_what_the_fuck/npcwi4g/
1ozm9j3,npd4qby,https://www.reddit.com//r/AskReddit/comments/1ozm9j3/what_do_you_use_to_cure_your_monday_blues/npd4qby/
1ozhssf,npdo51q,https://www.reddit.com//r/entertainment/comments/1ozhssf/megyn_kelly_branded_a_danger_to_children_after/npdo51q/
1ozt1dn,npdybqa,https://www.reddit.com//r/AITAH/comments/1ozt1dn/why_are_women_so_weird_in_the_workplace/npdybqa/
1oyoyl6,npe5o4q,https://www.reddit.com//r/RoyaleAPI/comments/1oyoyl6/this_deck_is_unstoppable_if_played_correctly/npe5o4q/
1ozp7wo,npelc8f,https://www.reddit.com//r/Boruto/comments/1ozp7wo/himawari_getting_angry_at_jura_for_what_he_did_to/npelc8f/
1ozu0is,npen45k,https://www.reddit.com//r/JurassicPark/comments/1ozu0is/i_absolutely_love_how_locked_in_muldoon_was_in/npen45k/
1ozx4u5,nperqpd,https://www.reddit.com//r/opiniaoimpopular/comments/1ozx4u5/reagir_a_assaltos_deveria_ser_crime/nperqpd/
1ozd8sl,npeshi6,https://www.reddit.com//r/offmychest/comments/1ozd8sl/my_homophobic_bf_watches_gay_porn/npeshi6/
1ozwa5c,npetpws,https://www.reddit.com//r/DetroitPistons/comments/1ozwa5c/game_thread_pistons_112_vs_pacers_112/npetpws/
1ozs7w0,npezgpr,https://www.reddit.com//r/bassfishing/comments/1ozs7w0/can_bass_recognize_lures_if_theyve_attempted_to/npezgpr/
1ozyod9,npf3zlm,https://www.reddit.com//r/videogamesbrasil/comments/1ozyod9/mais_uma_novidade_do_universo_woke_ninja_gorda/npf3zlm/
1oztegx,npf49us,https://www.reddit.com//r/OKbuddyHalfLife/comments/1oztegx/choose_your_side/npf49us/
1ozr2ch,npf49vm,https://www.reddit.com//r/help/comments/1ozr2ch/how_do_i_disable_this_everytime_i_get_an_upvote/npf49vm/
1oyncuq,npf8j0a,https://www.reddit.com//r/bjj/comments/1oyncuq/what_are_you_guys_thinking_about_when_you_roll/npf8j0a/
1ozxgxo,npfaqbr,https://www.reddit.com//r/JudgeDredd/comments/1ozxgxo/can_anyone_tell_me_more_about_this_shirt_is_it/npfaqbr/
1ozx33d,npfc6y1,https://www.reddit.com//r/BeatMeToIt/comments/1ozx33d/is_it_true_tho/npfc6y1/
1ozzp9o,npfdzzf,https://www.reddit.com//r/videogames/comments/1ozzp9o/does_anyone_agree_with_me_that_the_wii_was_a/npfdzzf/
1p009kx,npfett3,https://www.reddit.com//r/unpopularopinion/comments/1p009kx/the_us_might_have_been_better_off_if_we_lost_the/npfett3/
1ozzb2x,npfk5vn,https://www.reddit.com//r/Bumble/comments/1ozzb2x/looking_for_profile_recs/npfk5vn/
1p012zx,npg1eqq,https://www.reddit.com//r/AmITheAngel/comments/1p012zx/aita_for_pointing_out_my_evil_trans_friends/npg1eqq/
1p02bf1,npg4qje,https://www.reddit.com//r/pestcontrol/comments/1p02bf1/please_help_me_ants_refuse_to_die/npg4qje/
1ozuldi,npg6hmd,https://www.reddit.com//r/StupidFood/comments/1ozuldi/brazilian_breakfast/npg6hmd/
1p02cbj,npg7qfi,https://www.reddit.com//r/HonkaiStarRail/comments/1p02cbj/im_now_convinced_that_sunday_is_bait_always_skip/npg7qfi/
1p01rnq,npgb0z6,https://www.reddit.com//r/leftist/comments/1p01rnq/what_do_you_guys_think_about_the_soviet_union/npgb0z6/
1p03avg,npggd4m,https://www.reddit.com//r/Findom_reimbursements/comments/1p03avg/amazon_sub/npggd4m/
1p05z72,npgj5g9,https://www.reddit.com//r/Tokyo/comments/1p05z72/which_one_of_you_is_this_guy_lol/npgj5g9/
1oyfg3t,npgmrio,https://www.reddit.com//r/DanmeiNovels/comments/1oyfg3t/my_thoughts_on_falling_and_its_translation_new/npgmrio/
1ozrtj9,npgoe4a,https://www.reddit.com//r/NonPoliticalTwitter/comments/1ozrtj9/vending_machine/npgoe4a/
1p07p8d,npguz76,https://www.reddit.com//r/Overwatch/comments/1p07p8d/these_are_the_only_accurate_overwatch_ships/npguz76/
1p08bkg,npgyex3,https://www.reddit.com//r/deadbydaylight/comments/1p08bkg/you_are_serious/npgyex3/
1oze89g,npgzd7i,https://www.reddit.com//r/IndiaStatistics/comments/1oze89g/which_major_discipline_do_you_think_will_see_the/npgzd7i/
1ozzcoj,npgzog7,https://www.reddit.com//r/SnapchatNudesUP/comments/1ozzcoj/1up_76_nudes_instantly_rn_add_me_snap_bellnapwl/npgzog7/
1p08i8d,nph23qn,https://www.reddit.com//r/desabafosdavida/comments/1p08i8d/meu_pai_fica_batendo_na_minha_bunda_é_normal/nph23qn/
1p07reu,nph2a9e,https://www.reddit.com//r/queenstreetbets/comments/1p07reu/sell_order_placed_at_crazy_price/nph2a9e/
1p046ck,nph5k3o,https://www.reddit.com//r/PokeGals/comments/1p046ck/thirty_days_of_jasmine_2_day_17_by_rexcalibur25/nph5k3o/
1oxn3r0,nph5k4z,https://www.reddit.com//r/cavite/comments/1oxn3r0/looking_for_dentaloral_surgeon_near_bacoor_or_imus/nph5k4z/
1p0fw97,npj4fuo,https://www.reddit.com//r/catfishing/comments/1p0fw97/wifes_new_pb/npj4fuo/
1p0c4y2,npjapf5,https://www.reddit.com//r/NoFilterNews/comments/1p0c4y2/trumps_2000_tariff_dividend_checks_now_set_for/npjapf5/
1p0hds0,npjk5q2,https://www.reddit.com//r/DarkTide/comments/1p0hds0/new_class_trailer_hive_scum/npjk5q2/
1p0kisq,npjlfha,https://www.reddit.com//r/aiwars/comments/1p0kisq/witty_designer_finally_got_banned_from_aiwars/npjlfha/
1ow7zu2,npjrgvz,https://www.reddit.com//r/DisciplesOfAsuka/comments/1ow7zu2/my_mother_wishes_i_was_dead/npjrgvz/
1p0cj27,npkfuil,https://www.reddit.com//r/TwoHotTakes/comments/1p0cj27/estranged_husband_feels_the_kick_of_karma_and/npkfuil/
1p09zem,npkm5fe,https://www.reddit.com//r/Full_news/comments/1p09zem/charlie_kirk_assassination_update_is_there_a/npkm5fe/
1p0l2v6,npkp32t,https://www.reddit.com//r/manga/comments/1p0l2v6/disc_shangrila_frontier_chapter_244245/npkp32t/
1p0i9ng,npktggc,https://www.reddit.com//r/Marriedandflirting/comments/1p0i9ng/f31_first_time_here_hubby_is_out_of_town_and_i/npktggc/
1p0ov1i,npktw0s,https://www.reddit.com//r/Battlefield/comments/1p0ov1i/these_skins_are_awful/npktw0s/
1p0hlik,npl1489,https://www.reddit.com//r/NameThisThing/comments/1p0hlik/name_this_kid/npl1489/
1p0shel,npl3c1h,https://www.reddit.com//r/AskChina/comments/1p0shel/if_chinese_people_were_to_practice_eugenics_what/npl3c1h/
1p0s95x,npl3vly,https://www.reddit.com//r/rolex/comments/1p0s95x/would_you_trade_a_gmt_batman_for_beige_op/npl3vly/
1p0sshx,npl74pd,https://www.reddit.com//r/Wellthatsucks/comments/1p0sshx/she_got_her_eyebrows_microbladed_for_her_wedding/npl74pd/
1p0ojys,npl8s5g,https://www.reddit.com//r/soldering/comments/1p0ojys/good_solder_makes_everything_easier/npl8s5g/
1p0jjci,nplpcqg,https://www.reddit.com//r/anesthesiology/comments/1p0jjci/honest_question_for_attendings_how_do_you_view/nplpcqg/
1p0vk24,npls09r,https://www.reddit.com//r/arborists/comments/1p0vk24/cutting_down_a_boxelder_tree/npls09r/
1p0vqxz,nplvup1,https://www.reddit.com//r/macandcheese/comments/1p0vqxz/homemade_gf_mac_and_cheese_with_sausage_and_diced/nplvup1/
1p0xij0,npm9t4o,https://www.reddit.com//r/Btechtards/comments/1p0xij0/why_tf_i_chose_engeneering/npm9t4o/
1p0gaaj,npmco30,https://www.reddit.com//r/powerrangers/comments/1p0gaaj/is_battle_for_the_grid_rigged_against_the_player/npmco30/
1p0xmz8,npmd22r,https://www.reddit.com//r/ExplainAGamePlotBadly/comments/1p0xmz8/after_youre_done_helping_the_unabomber_and_making/npmd22r/
1p0wxcw,npmlt26,https://www.reddit.com//r/BeybladeX/comments/1p0wxcw/i_watched_this_so_yall_dont_have_to/npmlt26/
1p0yxqy,npmnwsj,https://www.reddit.com//r/10thDentist/comments/1p0yxqy/i_cant_be_bothered_to_play_a_game_if_they_gave_it/npmnwsj/
1p0wwve,npmtgbv,https://www.reddit.com//r/LowSodiumCyberpunk/comments/1p0wwve/johnny_silverhand_in_the_etherial_form/npmtgbv/
1p10m8p,npmwz64,https://www.reddit.com//r/MetalForTheMasses/comments/1p10m8p/whats_your_favorite_or_least_favorite_sell_out/npmwz64/
1oz6hkv,npn1odl,https://www.reddit.com//r/topmains/comments/1oz6hkv/akali_top_is_misery/npn1odl/
1p0ub8e,npn58bk,https://www.reddit.com//r/biggboss/comments/1p0ub8e/bigg_boss_season_19_livefeed_discussion_thread/npn58bk/
1p12t4h,npn5d0l,https://www.reddit.com//r/Battlefield/comments/1p12t4h/just_make_the_battlepasses_permanent/npn5d0l/
1p126no,npn6grj,https://www.reddit.com//r/Asmongold/comments/1p126no/the_worlds_newest_ethnicities/npn6grj/
1p126yu,npn747m,https://www.reddit.com//r/Psychologie/comments/1p126yu/ich_musste_fast_laut_loslachen/npn747m/
1p13881,npnbbhv,https://www.reddit.com//r/ireland/comments/1p13881/irish_television_series_irish_screenplay_irish/npnbbhv/
1p144rs,npne9z8,https://www.reddit.com//r/Ni_Bondha/comments/1p144rs/to_that_beautiful_bondhini_who_stole_my_heart/npne9z8/
1p14kez,npnipko,https://www.reddit.com//r/UmamusumeGame/comments/1p14kez/skill_recommendations_for_vodka/npnipko/
1p11g88,npnjcos,https://www.reddit.com//r/riskofrain/comments/1p11g88/the_dlc_be_like/npnjcos/
1p0lq7w,npnmpir,https://www.reddit.com//r/NineSols/comments/1p0lq7w/so_sad_that_nine_sols_became_woke_sols_left_art/npnmpir/
1p15ohv,npnq2mk,https://www.reddit.com//r/mildlyinfuriating/comments/1p15ohv/company_called_salary_delay_patiencebuilding/npnq2mk/
1p16nw9,npnvlp9,https://www.reddit.com//r/AskGirls/comments/1p16nw9/what_would_you_do_if_you_caught_your_husband/npnvlp9/
1p13cb6,npo3ece,https://www.reddit.com//r/OkBuddyHelluvaHotel/comments/1p13cb6/apologize_to_the_goat/npo3ece/
1p133ri,npo5o5l,https://www.reddit.com//r/weeb/comments/1p133ri/fate_characters_tier_list/npo5o5l/
1p1btkz,npowrey,https://www.reddit.com//r/MissingPersons/comments/1p1btkz/singer_d4vd_identified_as_suspect_after_missing/npowrey/
1p16bwn,npoxpsq,https://www.reddit.com//r/SwordofConvallaria/comments/1p16bwn/freshly_chosen_details/npoxpsq/
1p1c6cy,npozms9,https://www.reddit.com//r/DoomerCircleJerk/comments/1p1c6cy/youtube_media_video_game_essays_nowadays/npozms9/
1p0tsao,npozmt2,https://www.reddit.com//r/NewsWithJingjing/comments/1p0tsao/japan_really_pissed_china_off_this_time/npozmt2/
1p1d512,npp5kij,https://www.reddit.com//r/TrueUnpopularOpinion/comments/1p1d512/getting_an_abortion_should_come_with_life_in/npp5kij/
1p1ebh2,npphq08,https://www.reddit.com//r/uglyduckling/comments/1p1ebh2/624_not_much_changed_lol/npphq08/
1p1dapp,nppkbyl,https://www.reddit.com//r/SipsTea/comments/1p1dapp/help/nppkbyl/
1p1gcee,nppsj45,https://www.reddit.com//r/CallOfDuty/comments/1p1gcee/cod_was_raul_menendezs_return_successful_or_a/nppsj45/
1p0e58p,npq0vyx,https://www.reddit.com//r/ChainsawMan/comments/1p0e58p/no_way/npq0vyx/
1p0cyie,npq7325,https://www.reddit.com//r/crappymusic/comments/1p0cyie/what_happens_when_you_try_and_rap_a_verse_after/npq7325/
1p1efrm,npqapel,https://www.reddit.com//r/consoles/comments/1p1efrm/doa/npqapel/
1p1jjt3,npqhrzk,https://www.reddit.com//r/notredamefootball/comments/1p1jjt3/the_miami_cry_fest_is_exhausting/npqhrzk/
1p1k6x8,npqojoh,https://www.reddit.com//r/okZyox/comments/1p1k6x8/positive_agenda_posting_to_detoxify_sub_day_5/npqojoh/
1p1jtfk,npqqyux,https://www.reddit.com//r/megantheestallion/comments/1p1jtfk/megan_arriving_to_court_today_to_testify/npqqyux/
1p1lmau,npqu9lv,https://www.reddit.com//r/NoStupidQuestions/comments/1p1lmau/why_do_people_continue_to_sharerepost/npqu9lv/
1p1kpv9,npqxp5d,https://www.reddit.com//r/DisneyMirrorverse/comments/1p1kpv9/echoes_of_the_mirrorverse/npqxp5d/
1p1kaqz,npqyvnb,https://www.reddit.com//r/howardstern/comments/1p1kaqz/getting_my_note_ready_just_in_case/npqyvnb/
1p1m8js,npqzfk7,https://www.reddit.com//r/amiugly/comments/1p1m8js/both_18f_who_is_prettier_left_or_right/npqzfk7/
1p1l30c,npqzfkt,https://www.reddit.com//r/relationship_advice/comments/1p1l30c/my_husband_35m_has_completely_stopped_arguing/npqzfkt/
1p1fsig,npr941b,https://www.reddit.com//r/antiai/comments/1p1fsig/stealing_my_dragongirl_idea_huh/npr941b/
1p1nxka,npreu50,https://www.reddit.com//r/SVU/comments/1p1nxka/at_what_point_did_elliot_stop_loving_kathy/npreu50/
1p12564,nprkumh,https://www.reddit.com//r/abodysbeendiscovered/comments/1p12564/crunchyroll_gnosia_anime_clip/nprkumh/
1p1eg2h,nprpji8,https://www.reddit.com//r/ShitHaloSays/comments/1p1eg2h/making_a_post_to_this_sub_starts_a_snowball/nprpji8/
1p1qqio,nprvsyu,https://www.reddit.com//r/anime/comments/1p1qqio/demon_slayers_animation_is_mid_stop_pretending/nprvsyu/
1p1ehy8,nprw5bc,https://www.reddit.com//r/bassfishing/comments/1p1ehy8/mid_week_fun/nprw5bc/
1p1q0gv,nps91pw,https://www.reddit.com//r/AnimalCrossingNewHor/comments/1p1q0gv/diy_giveaway/nps91pw/
1p1dnrr,nps9yzc,https://www.reddit.com//r/promocodeland/comments/1p1dnrr/earn_usdt/nps9yzc/
1p1suax,npsc2er,https://www.reddit.com//r/AnimeReccomendations/comments/1p1suax/any_recommendations_based_on_my_list_please/npsc2er/
1p0r3g4,npsega1,https://www.reddit.com//r/NewsStarWorld/comments/1p0r3g4/the_warning_signal_that_preceded_every_crash/npsega1/
1p1rmxz,npsudnl,https://www.reddit.com//r/AkoBaYungGago/comments/1p1rmxz/abyg_kung_ayaw_kong_pahiramin_ng_sasakyan_yung/npsudnl/
1p1v6w8,npsv6cw,https://www.reddit.com//r/Mabinogi/comments/1p1v6w8/why_i_dont_like_new_rise/npsv6cw/
1p09x0n,npt541x,https://www.reddit.com//r/bollywood/comments/1p09x0n/the_most_underutilised_actress_in_the_history_of/npt541x/
1p1ng9u,npt8qkq,https://www.reddit.com//r/bassfishing/comments/1p1ng9u/couple_i_just_finished_up_remove_if_not_wanted/npt8qkq/
1p1wnnb,nptb73d,https://www.reddit.com//r/darkwingsdankmemes/comments/1p1wnnb/everybody_meeting_tyrion_for_some_reason/nptb73d/
1o86d92,nptfgkw,https://www.reddit.com//r/DombivliGoneWild/comments/1o86d92/meri_chato/nptfgkw/
1oxtr3p,nptjrfz,https://www.reddit.com//r/FIRE_Ind/comments/1oxtr3p/fire_is_not_for_people_like_me32f/nptjrfz/
1ozetnl,nptkgvu,https://www.reddit.com//r/OALangBaAko/comments/1ozetnl/oa_lang_ba_ako_or_sugar_mommy_na/nptkgvu/
1ozwtc6,npv3ew9,https://www.reddit.com//r/arcane/comments/1ozwtc6/should_i_hate_myself_for_liking_caitlyns_character/npv3ew9/
1p267hp,npv70p4,https://www.reddit.com//r/CFB/comments/1p267hp/ohio_state_quarterback_julian_sayin_has_no/npv70p4/
1p26sq8,npvc0bj,https://www.reddit.com//r/UmaMusume/comments/1p26sq8/g_is_for_good/npvc0bj/
1p1qnmr,npvfk7k,https://www.reddit.com//r/kroshay/comments/1p1qnmr/kroshay_or_something_else/npvfk7k/
1p201gn,npw5u06,https://www.reddit.com//r/SSBM/comments/1p201gn/slippi_users_thoughts_on_the_new_steam_controller/npw5u06/
1p0qsmu,npwc729,https://www.reddit.com//r/ShitAmericansSay/comments/1p0qsmu/has_any_other_measuring_system_landed_humans_on/npwc729/
1p1thqv,npwlj1z,https://www.reddit.com//r/CaliforniaRail/comments/1p1thqv/why_as_the_dumbarton_rail_project_been_suspended/npwlj1z/
1p26owg,npwpe68,https://www.reddit.com//r/TheMcDojoLife/comments/1p26owg/to_be_intimidating/npwpe68/
1p2etae,npwzhat,https://www.reddit.com//r/Dodgers/comments/1p2etae/im_not_crying_im_laughing/npwzhat/
1p2c67t,npxdgsm,https://www.reddit.com//r/PornAddiction/comments/1p2c67t/scars_on_my_dick_from_gooning_too_much/npxdgsm/
1p2w3fm,nq0bfjs,https://www.reddit.com//r/carros/comments/1p2w3fm/meu_quase_carro/nq0bfjs/
1p2wvgz,nq0c1nd,https://www.reddit.com//r/NoStupidQuestions/comments/1p2wvgz/how_important_it_is_to_wear_bullet_proof_vest_in/nq0c1nd/
1p0pos2,nq0kfrd,https://www.reddit.com//r/Confused/comments/1p0pos2/what/nq0kfrd/
1p10yhw,nq0lbcd,https://www.reddit.com//r/Battlefield/comments/1p10yhw/never_playing_this_again/nq0lbcd/
1p2ihbg,nq0ql6j,https://www.reddit.com//r/amIuglyBrutallyHonest/comments/1p2ihbg/how_old_do_i_look/nq0ql6j/
1p2ztf2,nq0xo8a,https://www.reddit.com//r/AITAH/comments/1p2ztf2/aitah_for_wanting_my_stepdaughter_to_stick_to_the/nq0xo8a/
1p30egw,nq158ms,https://www.reddit.com//r/HomeMaintenance/comments/1p30egw/found_this_in_my_basement_what_am_i_looking_at/nq158ms/
1p2y5e3,nq16tmv,https://www.reddit.com//r/ClashDecks/comments/1p2y5e3/help_synergise_pls/nq16tmv/
1p311vr,nq18ghb,https://www.reddit.com//r/london/comments/1p311vr/how_pathetic_are_these_articles_getting_trying_to/nq18ghb/
1p2wdo9,nq1bdtg,https://www.reddit.com//r/mumbai/comments/1p2wdo9/my_question_to_all_out_of_station_people_living/nq1bdtg/
1p2gmge,nq1m4dy,https://www.reddit.com//r/FAANGrecruiting/comments/1p2gmge/roast_my_resume_500_fulltime_applications_0/nq1m4dy/
1p333eh,nq1mn47,https://www.reddit.com//r/moviecritic/comments/1p333eh/parasite_is_better_than_ready_player_one/nq1mn47/
1p36c6n,nq2htgg,https://www.reddit.com//r/Wrasslin/comments/1p36c6n/mark_henrys_idea_of_having_joe_hendry_as_john/nq2htgg/
1p2075y,nq2mjs0,https://www.reddit.com//r/AmITheJerk/comments/1p2075y/aitj_for_telling_my_sister_gentle_parenting_is_bs/nq2mjs0/
1p375e6,nq2nz7y,https://www.reddit.com//r/Morocco/comments/1p375e6/does_anyone_know_about_this/nq2nz7y/
1p38fk0,nq2sakk,https://www.reddit.com//r/carbonsteel/comments/1p38fk0/first_time_user_seasoning_failed/nq2sakk/
1p2s77i,nq34m9v,https://www.reddit.com//r/RivalsVanguards/comments/1p2s77i/fellow_vanguards_how_do_ull_deal_with_these_two/nq34m9v/
1p351fi,nq374o6,https://www.reddit.com//r/LivestreamFail/comments/1p351fi/asmongold_laughs_at_all_the_people_who_fell_for/nq374o6/
1p1xnpo,nq38ijz,https://www.reddit.com//r/deadbedroom/comments/1p1xnpo/i_feel_so_dumb_after_i_realized_that_wifes_libido/nq38ijz/
1p37z4h,nq3ckg8,https://www.reddit.com//r/OnePiecePowerScaling0/comments/1p37z4h/funniest_opps_member/nq3ckg8/
1p3c67f,nq3k2ft,https://www.reddit.com//r/MonsterHunterWilds/comments/1p3c67f/why_in_gods_name_is_mhw_a_nominee_for_best_rpg_in/nq3k2ft/
1p3cbwj,nq3nq0o,https://www.reddit.com//r/VALORANT/comments/1p3cbwj/how_the_fuck_do_i_or_my_team_counter_345_odins/nq3nq0o/
1p396hw,nq3ql28,https://www.reddit.com//r/ShitpostBR/comments/1p396hw/não_sobra_nada/nq3ql28/
1p31kln,nq3zgnz,https://www.reddit.com//r/MSIClaw/comments/1p31kln/comfort_test_rog_ally_x_vs_msi_claw_8_vs_switch_2/nq3zgnz/
1p31eia,nq4385r,https://www.reddit.com//r/whatisit/comments/1p31eia/random_man_threw_five_or_so_of_these_in_our_trash/nq4385r/
1p31rqe,nq4awxo,https://www.reddit.com//r/AmIOverreacting/comments/1p31rqe/aio_husband_wants_a_job_with_ice_im_deeply/nq4awxo/
1p3cjhp,nq4jn7u,https://www.reddit.com//r/AskMiddleEast/comments/1p3cjhp/this_screams_america_for_white_people_only/nq4jn7u/
1p16yqv,nq4nx56,https://www.reddit.com//r/NoFilterNews/comments/1p16yqv/donald_trump_lost_it_with_a_reporter_at_the_white/nq4nx56/
1p3crfp,nq4u4jf,https://www.reddit.com//r/DamnThatsReal/comments/1p3crfp/a_regular_day_in_a_city_in_china_looks_like/nq4u4jf/
1p3ipfr,nq4uxig,https://www.reddit.com//r/OffMyChestIndia/comments/1p3ipfr/being_rich_is_a_curse/nq4uxig/
1p2znos,nq4w5cd,https://www.reddit.com//r/relacionamentos/comments/1p2znos/traí_minha_namorada_com_a_irmã_dela/nq4w5cd/
1p33thy,nq551k9,https://www.reddit.com//r/WrongAnswersOnlyPH/comments/1p33thy/i_am_confused_anong_goal_nitong_laro/nq551k9/
1p3gz0a,nq55zae,https://www.reddit.com//r/TanongLang/comments/1p3gz0a/naransan_niyo_na_ba_matulog_during_work_hours/nq55zae/
1p28ak0,nq59f1f,https://www.reddit.com//r/NorthCarolina/comments/1p28ak0/panic_and_chaos_as_parents_rush_to_get_their/nq59f1f/
1p38gge,nq5afqh,https://www.reddit.com//r/TikTokCringe/comments/1p38gge/jack_doherty_gets_caught_lackin_without_his/nq5afqh/
1p3kw50,nq5atf1,https://www.reddit.com//r/MarriedButChatting/comments/1p3kw50/46f_quiet_weekend_coming_up/nq5atf1/
1p2vjmz,nq5fdcn,https://www.reddit.com//r/animequestions/comments/1p2vjmz/based_on_your_birth_year_whos_your_lifelong/nq5fdcn/
1p3kj0f,nq5g2n8,https://www.reddit.com//r/Ai_art_is_not_art/comments/1p3kj0f/got_called_a_bully_for_encouraging_human/nq5g2n8/
1p3l5bd,nq5ilp0,https://www.reddit.com//r/Huntercallofthewild/comments/1p3l5bd/trade_g1_red/nq5ilp0/
1p3jss4,nq5jigr,https://www.reddit.com//r/RoyaleAPI/comments/1p3jss4/struggling_in_royal_crypt_arena_17_any_changes_to/nq5jigr/
1p2xsma,nq5pwd9,https://www.reddit.com//r/DottoreMains/comments/1p2xsma/did_they_talked_abt_dottore/nq5pwd9/
1p3n5ly,nq5s098,https://www.reddit.com//r/astrologymemes/comments/1p3n5ly/whats_the_deal_with_saying_something_emotional/nq5s098/
1p34484,nq5thg0,https://www.reddit.com//r/shitposting/comments/1p34484/i_dont_dude_what/nq5thg0/
1p3lyfz,nq5z3el,https://www.reddit.com//r/MelbourneTrains/comments/1p3lyfz/potential_regional_rail_improvements_on_february/nq5z3el/
1p3oz02,nq61zko,https://www.reddit.com//r/ptcgpocketgg/comments/1p3oz02/5thd_crown_rare_after_my_godpack_in_my_50_first/nq61zko/
1p3offn,nq64pze,https://www.reddit.com//r/MobileLegendsGame/comments/1p3offn/what_can_you_say_about_my_statistics/nq64pze/
1p3jn8x,nq64w5f,https://www.reddit.com//r/JujutsuPowerScaling/comments/1p3jn8x/uraume_gets_mauled_by_anyone_with_a_sure_hit_sure/nq64w5f/
1p33t72,nq678cw,https://www.reddit.com//r/RobloxAvatarReview/comments/1p33t72/which_of_my_avatars_is_better/nq678cw/
1p3qhv5,nq6eou9,https://www.reddit.com//r/TeenIndia/comments/1p3qhv5/hows_the_top_girliesss/nq6eou9/
1p3ae65,nq6gibo,https://www.reddit.com//r/AskAShittyMechanic/comments/1p3ae65/how_to_secure_ducks/nq6gibo/
1p3ufdc,nq74ata,https://www.reddit.com//r/beast_club/comments/1p3ufdc/would_you_want_to_try_this_on_the_free_use_farm/nq74ata/
1p3t8ve,nq7cmvr,https://www.reddit.com//r/Asmongold/comments/1p3t8ve/uhoh_he_made_a_video_about_streamer_award/nq7cmvr/
1p3dn1i,nq7jah0,https://www.reddit.com//r/fictionkin/comments/1p3dn1i/qotd_your_kins_are_allowed_to_trash_an_assholes/nq7jah0/
1p3n7cx,nq7q80e,https://www.reddit.com//r/NBATalk/comments/1p3n7cx/hmmmm/nq7q80e/
1p3xahc,nq7ulhz,https://www.reddit.com//r/questions/comments/1p3xahc/as_an_18_year_old_girl_what_would_it_feel_like/nq7ulhz/
1p2ilaq,nq7vmhw,https://www.reddit.com//r/SurfFishing/comments/1p2ilaq/biggest_skip_jack/nq7vmhw/
1p3x8ud,nq82dtn,https://www.reddit.com//r/RivalsVanguards/comments/1p3x8ud/does_emma_have_counters/nq82dtn/
1p3xwjz,nq88v2a,https://www.reddit.com//r/painting/comments/1p3xwjz/my_first_official_painting_as_a_20_year_old/nq88v2a/
1p41v8z,nq8upab,https://www.reddit.com//r/supportlol/comments/1p41v8z/my_support_tattoo/nq8upab/
1p3bhhg,nq8ya95,https://www.reddit.com//r/HVAC/comments/1p3bhhg/happy_friday/nq8ya95/
1p3wxea,nq94rjo,https://www.reddit.com//r/RedditGames/comments/1p3wxea/dont_go_mad_it_is_possible/nq94rjo/
1p456fl,nq9cq72,https://www.reddit.com//r/gameofthrones/comments/1p456fl/hbo_is_officially_fixing_game_of_thrones_season_8/nq9cq72/
1p453zv,nq9fpch,https://www.reddit.com//r/Dirtbikes/comments/1p453zv/my_10_year_old_son_took_his_gas_dirt_bike_on_a/nq9fpch/
1p39g4l,nq9r5bb,https://www.reddit.com//r/SunfishSpecies/comments/1p39g4l/hybrid/nq9r5bb/
1p46qz7,nq9rqmi,https://www.reddit.com//r/Battlefield/comments/1p46qz7/the_community_is_not_ready_for_the_season_2_skins/nq9rqmi/
1p45991,nqa0m6c,https://www.reddit.com//r/52book/comments/1p45991/5352_first_time_finishing_52_book_challenge/nqa0m6c/
1p3xh0d,nqa7xl0,https://www.reddit.com//r/actualsecretteenagers/comments/1p3xh0d/guys_are_my_expectations_too_high_for_a_boyfriend/nqa7xl0/
1p483yo,nqabpwx,https://www.reddit.com//r/Oscars/comments/1p483yo/now_that_both_are_out_which_are_the_better/nqabpwx/
1p47946,nqaekx5,https://www.reddit.com//r/NoStupidQuestions/comments/1p47946/does_anyone_else_feel_like_some_social_issues_are/nqaekx5/
1p4b526,nqanmkz,https://www.reddit.com//r/Incestconfessions/comments/1p4b526/dad_mistook_me_for_mom/nqanmkz/
1p4cill,nqawygn,https://www.reddit.com//r/AusPropertyChat/comments/1p4cill/why_certain_generations_complain_instead_of_just/nqawygn/
1p3zm55,nqb2h3u,https://www.reddit.com//r/humour/comments/1p3zm55/damn_these_kids_always_on_fire/nqb2h3u/
1p4bbq6,nqb3w8y,https://www.reddit.com//r/jojobrasiladventures/comments/1p4bbq6/star_platinum/nqb3w8y/
1p4dm6g,nqb6dd9,https://www.reddit.com//r/LowSodiumCyberpunk/comments/1p4dm6g/were_actually_going_to_have_a_datakrash_like_in/nqb6dd9/
1p3vye6,nqbdj57,https://www.reddit.com//r/ArcRaiders/comments/1p3vye6/the_free_loadout_is_what_makes_this_game_playable/nqbdj57/
1p42u00,nqbl5n3,https://www.reddit.com//r/winlator/comments/1p42u00/dradreno610_back_at_it_with_the_beastly/nqbl5n3/
1p4dn5i,nqbpppc,https://www.reddit.com//r/exmormon/comments/1p4dn5i/the_mormons_harassing_and_flipping_people_off/nqbpppc/
1p4ceak,nqbxp94,https://www.reddit.com//r/DottoreMains/comments/1p4ceak/interesting_analysis_on_dottore_vs_wanderer/nqbxp94/
1oz2l71,nqby741,https://www.reddit.com//r/Supertf/comments/1oz2l71/supers_only_nomination_for_the_streamer_awards/nqby741/
1p4irst,nqc291u,https://www.reddit.com//r/ChavsGalore/comments/1p4irst/going_out_on_the_hunt/nqc291u/
1p4bqfv,nqc5iq5,https://www.reddit.com//r/EASportsFC/comments/1p4bqfv/time_wasting_shit_housing_game_management_call_it/nqc5iq5/
1p4jifu,nqc6vqp,https://www.reddit.com//r/Yatirim/comments/1p4jifu/tavsiye/nqc6vqp/
1p4ize1,nqc9a15,https://www.reddit.com//r/FORSAKENROBLOX/comments/1p4ize1/my_take_on_forsaken/nqc9a15/
1p4k9du,nqcc5ui,https://www.reddit.com//r/DesiDesireConfession/comments/1p4k9du/shame_that_the_lurking_ladies_on_here_cant_back/nqcc5ui/
1p46nq5,nqcjhee,https://www.reddit.com//r/IsMyPokemonCardFake/comments/1p46nq5/no_way_this_is_real_right_or_is_it/nqcjhee/
1p4hl77,nqcl5r1,https://www.reddit.com//r/BTSnark/comments/1p4hl77/jimin_and_jungkook_back_to_their_regularly/nqcl5r1/
1p4m654,nqcodsc,https://www.reddit.com//r/LiverpoolFC/comments/1p4m654/hit_pieces_on_player_starting_again/nqcodsc/
1p51kf0,nqg0026,https://www.reddit.com//r/relationship_advice/comments/1p51kf0/me_19f_and_him_m40_what_was_is_like_telling_your/nqg0026/
1p51l59,nqg003d,https://www.reddit.com//r/RocketLeague/comments/1p51l59/heatseeker_problems/nqg003d/
1p4yuud,nqg09fo,https://www.reddit.com//r/NaMinhaEstante/comments/1p4yuud/estantes_recomendações/nqg09fo/
1p516yp,nqgcbph,https://www.reddit.com//r/macdonaldsisters/comments/1p516yp/did_anyone_else_think_this_was_weird/nqgcbph/
1p52u40,nqgdnr9,https://www.reddit.com//r/StephenHiltonSnark/comments/1p52u40/buahahahahahahaha_loving_these_results/nqgdnr9/
1p4w44v,nqgeesa,https://www.reddit.com//r/nasikatok/comments/1p4w44v/local_wedding_vendorsdo_better/nqgeesa/
1p536u4,nqggahe,https://www.reddit.com//r/eagles/comments/1p536u4/post_game_thread_week_12_the_eagles_fell_to_the/nqggahe/
1p53y9y,nqgig6r,https://www.reddit.com//r/F1Discussions/comments/1p53y9y/piastri_being_cheated/nqgig6r/
1p55mp9,nqgv68c,https://www.reddit.com//r/teenagers/comments/1p55mp9/is_this_guy_mentally_okay/nqgv68c/
1p4cz62,nqh3uw8,https://www.reddit.com//r/pakisgonewild/comments/1p4cz62/pakistani_girls_are_so_hot/nqh3uw8/
1p4peur,nqh5y6v,https://www.reddit.com//r/xmen/comments/1p4peur/theyre_not_beating_the_allegations_are_they/nqh5y6v/
1p569cg,nqh84cj,https://www.reddit.com//r/Damnthatsinteresting/comments/1p569cg/a_hiker_got_lost_at_4180_metres_in_the_peruvian/nqh84cj/
1p58rjf,nqhhwj5,https://www.reddit.com//r/AnimalCrossingNewHor/comments/1p58rjf/please_help_need_a_strategy_to_catch_my_2/nqhhwj5/
1p4by0f,nqhn3y5,https://www.reddit.com//r/crv/comments/1p4by0f/2026_crv_exl_otd/nqhn3y5/
1p5asv5,nqhu58k,https://www.reddit.com//r/StupidFood/comments/1p5asv5/the_most_disgusting_food_combination_known_to/nqhu58k/
1p58jm5,nqi11gy,https://www.reddit.com//r/CoDCompetitive/comments/1p58jm5/all_scraps_done_in_the_flank_chat_is_cry_about/nqi11gy/
1p5cdhi,nqi4fzv,https://www.reddit.com//r/brisbane/comments/1p5cdhi/been_a_while_since_ive_seen_the_courier_mail_when/nqi4fzv/
1p4b8hh,nqi6oli,https://www.reddit.com//r/VosSous/comments/1p4b8hh/à_découvert_tous_les_mois_je_ny_arrive_plus/nqi6oli/
1p5bzjy,nqid70y,https://www.reddit.com//r/LostRedditor/comments/1p5bzjy/where_can_i_post_this_image/nqid70y/
1p5290n,nqii0k3,https://www.reddit.com//r/riskofrain/comments/1p5290n/survivor_fun_tierlist/nqii0k3/
1p5jsl6,nqjm7to,https://www.reddit.com//r/SpiderManMains/comments/1p5jsl6/how_do_you_go_in_and_attack_as_spiderman_what_are/nqjm7to/
1p5wy38,nqmar2q,https://www.reddit.com//r/facebook/comments/1p5wy38/ok_enough_with_these_reels_im_done_ive_had_enough/nqmar2q/
1p5xacv,nqmcttn,https://www.reddit.com//r/JessTheBrunetteSnarky/comments/1p5xacv/is_it_just_me_or_is_she_an_irrelevant_relic_now/nqmcttn/
1p5ifyc,nqmfgap,https://www.reddit.com//r/CalebHammer/comments/1p5ifyc/disney_world_becoming_a_place_for_only_the_super/nqmfgap/
1p5s11y,nqmkkcj,https://www.reddit.com//r/GambitMainsMR/comments/1p5s11y/who_heals_best_with_gambit/nqmkkcj/
1p5y1ww,nqn7boj,https://www.reddit.com//r/bigbrotheruk/comments/1p5y1ww/a_bbuk_superfan_watches_bb_australia_for_the/nqn7boj/
1p5xvcl,nqnbckk,https://www.reddit.com//r/nfl/comments/1p5xvcl/game_thread_carolina_panthers_65_at_san_francisco/nqnbckk/
1p5ygw2,nqnbcm1,https://www.reddit.com//r/carbuying/comments/1p5ygw2/bait_and_switch/nqnbcm1/
1p609on,nqnfe6u,https://www.reddit.com//r/Asmongold/comments/1p609on/why_do_men_marry_these_people/nqnfe6u/
1p5wc3v,nqnmpsv,https://www.reddit.com//r/Teachers/comments/1p5wc3v/music_teacher_here_is_jingle_bells_racist/nqnmpsv/
1p61kfr,nqnnt4v,https://www.reddit.com//r/THCAextracts/comments/1p61kfr/i_stand_corrected_about_veritas/nqnnt4v/
1p616vj,nqnpgdt,https://www.reddit.com//r/IndiaMemes/comments/1p616vj/made_in_tamil_nadu/nqnpgdt/
1p36lej,nqnqpy4,https://www.reddit.com//r/StocksAndTrading/comments/1p36lej/the_only_trading_rule_that_actually_matters_never/nqnqpy4/
1p587w8,nqnwaei,https://www.reddit.com//r/wollongong/comments/1p587w8/beach_fishing/nqnwaei/
1p64vv1,nqnwfwf,https://www.reddit.com//r/whenthe/comments/1p64vv1/boondocks_posting/nqnwfwf/
1p64lhb,nqo50u6,https://www.reddit.com//r/relationship_advice/comments/1p64lhb/28f_husband_30m_inlaws_want_full_control_of_my/nqo50u6/
1p5u9pb,nqo8y07,https://www.reddit.com//r/mapporncirclejerk/comments/1p5u9pb/serious_who_would_win_blue_or_red/nqo8y07/
1p65qp7,nqodfjn,https://www.reddit.com//r/indianmemer/comments/1p65qp7/koi_kuch_nahi_bolega_secularism_chal_raha_hain/nqodfjn/
1p5ruuy,nqodfjv,https://www.reddit.com//r/Rivenmains/comments/1p5ruuy/stop_building_ringle_wrong/nqodfjv/
1p64uex,nqopko3,https://www.reddit.com//r/goodanimemes/comments/1p64uex/its_my_time_and_i_will_use_it_how_i_please/nqopko3/
1p62xpa,nqoszr4,https://www.reddit.com//r/nova/comments/1p62xpa/ice_in_dc_are_setting_up_racially_driven/nqoszr4/
1p6akr5,nqoztma,https://www.reddit.com//r/Delhigays/comments/1p6akr5/m25looking_for_mutual_jerking_buddy/nqoztma/
1p6afxg,nqp2akg,https://www.reddit.com//r/careerguidance/comments/1p6afxg/what_careers_pay_100k350k_without_60_hour_weeks/nqp2akg/
1p69g2j,nqp72sb,https://www.reddit.com//r/teenagers/comments/1p69g2j/how_did_it_get_to_that_point/nqp72sb/
1p6aa1a,nqp7tqs,https://www.reddit.com//r/besoindeparler/comments/1p6aa1a/ghosting/nqp7tqs/
1p6bgjr,nqphyy5,https://www.reddit.com//r/rediturras/comments/1p6bgjr/alguna_también_tiene_miedo_de_que_su_actualfutura/nqphyy5/
1p65q64,nqpkwsq,https://www.reddit.com//r/conspiracy/comments/1p65q64/so_about_candace/nqpkwsq/
1p6dbga,nqpm4d8,https://www.reddit.com//r/Ultrakill/comments/1p6dbga/hope_you_guys_like_my_first_ultrakill_edit/nqpm4d8/
1p6a0ml,nqpow2s,https://www.reddit.com//r/totalwar/comments/1p6a0ml/ulrika_2_books_spent_working_with_lahmians_1_book/nqpow2s/
1p6c020,nqpv755,https://www.reddit.com//r/TwentiesIndia/comments/1p6c020/i_want_a_man_with_no_past/nqpv755/
1p6770u,nqq3yuj,https://www.reddit.com//r/steammachine/comments/1p6770u/what_original_videos_and_totally_not_clickbait/nqq3yuj/
1p6d920,nqqce45,https://www.reddit.com//r/overlord/comments/1p6d920/ainzsama/nqqce45/
1p5wr0v,nqqhcf5,https://www.reddit.com//r/stickwar3/comments/1p5wr0v/can_we_talk_about_how_trash_are_archidons_and/nqqhcf5/
1p6hv13,nqqibp0,https://www.reddit.com//r/rpg_gamers/comments/1p6hv13/what_did_obsidian_do_to_be_so_hated_here/nqqibp0/
1p6i31x,nqqkkaj,https://www.reddit.com//r/MAFS_UK/comments/1p6i31x/is_april_moving_too_fast_after_leo_or_is_ash/nqqkkaj/
1p6fqwu,nqr17jv,https://www.reddit.com//r/okbuddycinephile/comments/1p6fqwu/you_people_need_to_stop_criticizing_our_brave/nqr17jv/
1p6dc91,nqr962f,https://www.reddit.com//r/TeenagersButBetter/comments/1p6dc91/mom_forcing_lgbt_stuff_on_me/nqr962f/
1p6jrff,nqrexky,https://www.reddit.com//r/ask_Bondha/comments/1p6jrff/vaammo_twitterx_lo_janalu_enti_antha_worst_ga/nqrexky/
1p6i5az,nqrmbto,https://www.reddit.com//r/Preguntas_de_Reddit_/comments/1p6i5az/qué_clase_de_videos_odias_de_ver_en_tu_feed_de/nqrmbto/
1p6mpqn,nqrmbvi,https://www.reddit.com//r/childfree/comments/1p6mpqn/a_marriage_doesnt_count_unless_you_have_children/nqrmbvi/
1p6hqwx,nqrtmw9,https://www.reddit.com//r/nfl/comments/1p6hqwx/highlight_christian_mccaffrey_was_asked_if_he_had/nqrtmw9/
1p587pg,nqrvao2,https://www.reddit.com//r/pokemonanime/comments/1p587pg/an_objective_masters_8_ranking/nqrvao2/
1p6s1p5,nqsjb79,https://www.reddit.com//r/FischRoblox/comments/1p6s1p5/how_lucky_am_i/nqsjb79/
1p6njwx,nqsqcyt,https://www.reddit.com//r/NewsSource/comments/1p6njwx/damning_leaked_figures_show_ice_barbie_is_failing/nqsqcyt/
1p6s2qv,nqsxqwt,https://www.reddit.com//r/bald/comments/1p6s2qv/give_it_to_me_straight/nqsxqwt/
1p6u6sy,nqsy7g6,https://www.reddit.com//r/UMiami/comments/1p6u6sy/the_umiami_law_library_sucks/nqsy7g6/
1p6ul04,nqt2ya1,https://www.reddit.com//r/conversas/comments/1p6ul04/o_povo_realmente_leva_a_sério_vídeos_de_culinária/nqt2ya1/
1p6rzpr,nqt3giy,https://www.reddit.com//r/MyHeroAcadamia/comments/1p6rzpr/perfect_explanation_for_bakugo_hate/nqt3giy/
1p6v7wj,nqt5wbn,https://www.reddit.com//r/OPMFolk/comments/1p6v7wj/s4_jc_staff_style/nqt5wbn/
1p6rncu,nqtbug7,https://www.reddit.com//r/pokemonsv/comments/1p6rncu/controversial_take_wolfey_is_a_horrible_cheater/nqtbug7/
1p6wa8w,nqtfrbv,https://www.reddit.com//r/AITAH/comments/1p6wa8w/aith_for_blaming_my_sons_girlfriend_for_ruining/nqtfrbv/
1p6scjx,nqtj2b4,https://www.reddit.com//r/Destiny/comments/1p6scjx/counterpoints_makes_the_case_for_usaid/nqtj2b4/
1p6pyed,nqtl8cr,https://www.reddit.com//r/okbuddyrintard/comments/1p6pyed/meta_anyone_else_concerned_for_baitbastardo/nqtl8cr/
1p6ww75,nqtmr7n,https://www.reddit.com//r/geometrydash/comments/1p6ww75/i_beat_slaughterhouse/nqtmr7n/
1p6xg47,nqtyfaq,https://www.reddit.com//r/BuenosAires/comments/1p6xg47/alerta_vecinos_de_moreno/nqtyfaq/
1p67pcn,nqtyxj1,https://www.reddit.com//r/DolocTown/comments/1p67pcn/thrive_ties_update_out_now_developer_ama_ask_us/nqtyxj1/
1p6zywy,nqu4rxt,https://www.reddit.com//r/LSAT/comments/1p6zywy/argumentative_writing/nqu4rxt/
1p6rmzk,nqu79le,https://www.reddit.com//r/steak/comments/1p6rmzk/how_did_i_do/nqu79le/
1p2w7se,nqu8ly2,https://www.reddit.com//r/G59/comments/1p2w7se/spreading_awareness/nqu8ly2/
1p5fxg2,nquakl2,https://www.reddit.com//r/Epilepsy/comments/1p5fxg2/should_i_drink_alcohol_while_on_vimpatlacosamide/nquakl2/
1p70ynq,nqudj5j,https://www.reddit.com//r/norge/comments/1p70ynq/parterapiulstein_bør_bli_vanskeligere_å_skilles/nqudj5j/
1p6aigi,nqugrg6,https://www.reddit.com//r/drivingUK/comments/1p6aigi/lane_hogging_getting_out_of_hand/nqugrg6/
1p72p07,nqunn1w,https://www.reddit.com//r/NursingPH/comments/1p72p07/fake_websites_and_false_predictions/nqunn1w/
1p6ma9v,nquocvg,https://www.reddit.com//r/AmIOverreacting/comments/1p6ma9v/aio_to_skip_thanksgiving_after_my_mom_basically/nquocvg/
1p6tczh,nqvgk4x,https://www.reddit.com//r/masterduel/comments/1p6tczh/just_want_to_post_this_last_for_day_for_those/nqvgk4x/
1p6r3ma,nqvixu8,https://www.reddit.com//r/hazbin/comments/1p6r3ma/man_i_wish_i_was_a_woman/nqvixu8/
1p77cv9,nqvkav7,https://www.reddit.com//r/opiniaoimpopular/comments/1p77cv9/elas_querem_casar_mas_não_querem_ser_esposas/nqvkav7/
1p700gg,nqvnr7h,https://www.reddit.com//r/mechanicalpencils/comments/1p700gg/need_help_identifying_this_pencil_i_found_just/nqvnr7h/
1p6pp5s,nqvnr8y,https://www.reddit.com//r/StupidFood/comments/1p6pp5s/this_is_how_they_cut_bagels_in_st_louis/nqvnr8y/
1p72gsq,nqvszku,https://www.reddit.com//r/CricketBuddies/comments/1p72gsq/really_shameful_comments_from_coach_gautam_gambhir/nqvszku/
1p7c1ri,nqwjjid,https://www.reddit.com//r/IsThisAScamIndia/comments/1p7c1ri/is_this_a_scam_finance_buddha/nqwjjid/
1p7468c,nqwkref,https://www.reddit.com//r/HUEstation/comments/1p7468c/mais_um_espécime_do_nosso_twitter_veja_os_seus/nqwkref/
1p7af83,nqwm2w8,https://www.reddit.com//r/DirtyConfession/comments/1p7af83/i_27f_became_a_latenight_submissive_toy_for_an/nqwm2w8/
1ow0wte,nqwupj0,https://www.reddit.com//r/PowerScaling/comments/1ow0wte/only_in_rdragonballpowerscale/nqwupj0/
1p7de5k,nqxp2w0,https://www.reddit.com//r/NoticiasBR/comments/1p7de5k/brasileiros_estão_liderando_o_recorde_de_pedidos/nqxp2w0/
1p7i35z,nqxsob2,https://www.reddit.com//r/tamagotchi/comments/1p7i35z/holy_moly_here_comes_the_scalper_herself_last/nqxsob2/
1p7hh4e,nqynmmo,https://www.reddit.com//r/forhonor/comments/1p7hh4e/i_am_struggling/nqynmmo/
1p7hik0,nqyotrl,https://www.reddit.com//r/mexico/comments/1p7hik0/el_técnico_de_internet_me_robó_dos_prendas_que/nqyotrl/
1p7fmzy,nqypy2d,https://www.reddit.com//r/AITAH/comments/1p7fmzy/aitah_for_not_buying_my_niece_a_car/nqypy2d/
1p7jowz,nqz38r7,https://www.reddit.com//r/worldnews/comments/1p7jowz/russian_military_reportedly_executes_5_ukrainian/nqz38r7/
1p7onz4,nqz66qt,https://www.reddit.com//r/DetroitPistons/comments/1p7onz4/cade_giveth_and_cade_gaveth/nqz66qt/
1p7kvlc,nqzfayn,https://www.reddit.com//r/canes/comments/1p7kvlc/gdt_rangers_hurricanes_7pm_est_11262025/nqzfayn/
1p7onvc,nqzfb02,https://www.reddit.com//r/Asmongold/comments/1p7onvc/cognitohazard_wtetsits/nqzfb02/
1p7m2mw,nqzjrf9,https://www.reddit.com//r/ASX_Bets/comments/1p7m2mw/market_open_thread_for_general_trading_and_plans/nqzjrf9/
1p7jfkg,nqzlezg,https://www.reddit.com//r/Piratefolk/comments/1p7jfkg/thanks_pirate_folk_you_gave_himbeard_enough/nqzlezg/
1p6yk27,nqzq3f4,https://www.reddit.com//r/EASportsUFC/comments/1p6yk27/played_ea_mma_for_the_first_time_ever_after/nqzq3f4/
1p7qzmh,nqzug12,https://www.reddit.com//r/TerraInvicta/comments/1p7qzmh/any_dogfighting_experts/nqzug12/
1p78mw6,nr08707,https://www.reddit.com//r/RantAndVentPH/comments/1p78mw6/finding_out_what_my_cousin_really_thinks_about_me/nr08707/
1p7tsqx,nr0azwz,https://www.reddit.com//r/TeenIndia/comments/1p7tsqx/whats_a_small_thing_that_made_your_whole_day/nr0azwz/
1p7u0xn,nr0bf4t,https://www.reddit.com//r/GoldenAgeMinecraft/comments/1p7u0xn/important_psa_i_hate_new_minecraft_and_start/nr0bf4t/
1p79419,nr0d0vu,https://www.reddit.com//r/relacionamentos/comments/1p79419/fiquei_com_uma_mulher_trans_e_me_arrependi/nr0d0vu/
1p7lhqj,nr0eaxb,https://www.reddit.com//r/family/comments/1p7lhqj/an_f_you_letter/nr0eaxb/
1p7v5f4,nr0izxk,https://www.reddit.com//r/ExplainAFilmPlotBadly/comments/1p7v5f4/conscientious_objector_goes_to_war_because_a_hot/nr0izxk/
1p7v9jb,nr0k9rs,https://www.reddit.com//r/byler/comments/1p7v9jb/im_disappointed_and_lost_hope_that_byler_will/nr0k9rs/
1213wua,nr0lgd2,https://www.reddit.com//r/daveandbambioc/comments/1213wua/in_all_the_time_ive_been_on_dnboc_this_is_all_i/nr0lgd2/
1p7w876,nr0un4c,https://www.reddit.com//r/StephenHiltonSnark/comments/1p7w876/ouchthats_gotta_hurt/nr0un4c/
1p7oi12,nr0vsyl,https://www.reddit.com//r/Archaeology/comments/1p7oi12/why_koreas_900yearold_shipwreck_bowls_look/nr0vsyl/
1p7udzb,nr0zt0k,https://www.reddit.com//r/Age_30_plus_Gamers/comments/1p7udzb/cyberpunk_2077_makes_a_massive_comeback_as_cdpr/nr0zt0k/
1p7ug3h,nr12xry,https://www.reddit.com//r/shrooms/comments/1p7ug3h/its_been_months_i_am_still_trying_to_decipher_my/nr12xry/
1p7meyw,nr15dgk,https://www.reddit.com//r/AskArgentina/comments/1p7meyw/me_faltan_minas_que_hago/nr15dgk/
1p7y5ms,nr17asi,https://www.reddit.com//r/appletv/comments/1p7y5ms/guess_which_is_the_apple_tv_4k/nr17asi/
1p7xkw6,nr187gy,https://www.reddit.com//r/houseplans/comments/1p7xkw6/looking_for_honest_feedback_on_my_full_plan_set/nr187gy/
1p7td1a,nr1c1ab,https://www.reddit.com//r/BPDmemes/comments/1p7td1a/this_post/nr1c1ab/
1p4wkbv,nr1gt8p,https://www.reddit.com//r/czech/comments/1p4wkbv/co_jsem_dnes_udělal/nr1gt8p/
1p7wwrh,nr1kar7,https://www.reddit.com//r/Indiangamers/comments/1p7wwrh/guys_can_this_run_gta_vi/nr1kar7/
1p7o161,nr1lf8t,https://www.reddit.com//r/ClashDecks/comments/1p7o161/what_should_i_replace_mega_knight_with_in_this/nr1lf8t/
1njdc87,nr1p4vn,https://www.reddit.com//r/spongebob/comments/1njdc87/whats_a_krabby_patty/nr1p4vn/
1p7xf3n,nr1q1d9,https://www.reddit.com//r/books/comments/1p7xf3n/do_unlikeable_characters_make_you_stop_reading_a/nr1q1d9/
1p7xfae,nr1yk6b,https://www.reddit.com//r/OnePiecePowerScaling/comments/1p7xfae/prime_sengokukaido_shouldnt_be_a_hot_take_lets/nr1yk6b/
1p7y5rt,nr24nnj,https://www.reddit.com//r/ArcRaiders/comments/1p7y5rt/140_patch_notes/nr24nnj/
1p7ualr,nr29on9,https://www.reddit.com//r/Seafood/comments/1p7ualr/weird_crabmeat_from_frog_island_nc/nr29on9/
1p7xqw1,nr2hh9o,https://www.reddit.com//r/ksi/comments/1p7xqw1/jj_has_said_a_lot_of_shit_but_this_shit_goes_hard/nr2hh9o/
1p85i4m,nr2m2a4,https://www.reddit.com//r/aiwars/comments/1p85i4m/we_should_ban_cat_ai_generated_cat_girlboy_rage/nr2m2a4/
1p85ph1,nr2mnmb,https://www.reddit.com//r/skzmedia/comments/1p85ph1/poor_seungmin/nr2mnmb/
1p85u08,nr2mzdt,https://www.reddit.com//r/jogosbrasil/comments/1p85u08/dúvida/nr2mzdt/
1p85ucd,nr2p4jd,https://www.reddit.com//r/SkirkMains/comments/1p85ucd/proof_that_citlali_can_give_both_cinder_city_ttds/nr2p4jd/
1p8470j,nr2ssu6,https://www.reddit.com//r/legocirclejerk/comments/1p8470j/ip_minifigures_which_are_hotter_than_the_real/nr2ssu6/
1p85af0,nr2w041,https://www.reddit.com//r/transgenderau/comments/1p85af0/why_do_people_delete_their_accounts/nr2w041/
1p88lan,nr3849x,https://www.reddit.com//r/ufc/comments/1p88lan/the_last_couple_fights_just_made_me_realize_what/nr3849x/
1p89c7v,nr3c7k4,https://www.reddit.com//r/worldofgothic/comments/1p89c7v/me_reading_all_the_hate_posts_here_after_the/nr3c7k4/
1p86ykb,nr3d9rh,https://www.reddit.com//r/Adulting/comments/1p86ykb/what_are_you_thankful_for/nr3d9rh/
1p7vou1,nr3jbj4,https://www.reddit.com//r/BleachBraveSouls/comments/1p7vou1/burn_the_witch_collaboration_christmas_zenith/nr3jbj4/
1p889mq,nr3m4g0,https://www.reddit.com//r/Maromba/comments/1p889mq/homens_vcs_treinam_glúteos/nr3m4g0/
1p8bkr2,nr3ww78,https://www.reddit.com//r/alcoholism/comments/1p8bkr2/in_a_way_i_envy_alcoholics_who_had_to_have_their/nr3ww78/
1p8c8d2,nr4hmv1,https://www.reddit.com//r/KansasCityChiefs/comments/1p8c8d2/game_thread_kansas_city_chiefs_65_at_dallas/nr4hmv1/
1p8cl19,nr4li8q,https://www.reddit.com//r/MemesBR/comments/1p8cl19/normalmente/nr4li8q/
1p8ewo8,nr4nhix,https://www.reddit.com//r/StephenHiltonSnark/comments/1p8ewo8/surprised_to_see_this_aspect_missing_in_his/nr4nhix/
1p8dloj,nr4onwr,https://www.reddit.com//r/CringeTikToks/comments/1p8dloj/who_really_likes_turkey_i_dunnoeveryone/nr4onwr/
1p7v65x,nr4s357,https://www.reddit.com//r/BORUpdates/comments/1p7v65x/my_boyfriend_is_really_into_anime_i_dont_watch/nr4s357/
1p8anpw,nr4sj0m,https://www.reddit.com//r/tierlists/comments/1p8anpw/tier_list_of_xbox_360_launch_titles/nr4sj0m/
1p8gpix,nr4yirc,https://www.reddit.com//r/AquaticSnails/comments/1p8gpix/how_to_remove_a_lot_of_ramshorns_at_once/nr4yirc/
1p8c9ao,nr51r0j,https://www.reddit.com//r/nfl/comments/1p8c9ao/game_thread_kansas_city_chiefs_65_at_dallas/nr51r0j/
1p83w57,nr52e6v,https://www.reddit.com//r/GigilAko/comments/1p83w57/gigil_ako_sa_mga_gantong_klaseng_lalake/nr52e6v/
1p8bkeb,nr5akb1,https://www.reddit.com//r/masterduel/comments/1p8bkeb/old_school_yugioh_player_wondering_how_many/nr5akb1/
1p8ii1x,nr5cd6z,https://www.reddit.com//r/StarRailStation/comments/1p8ii1x/why_cant_i_clear_moc/nr5cd6z/
1p50c00,nr5nhou,https://www.reddit.com//r/Mercari/comments/1p50c00/seller_claims_their_box_arrived_without_the/nr5nhou/
1p7rfwl,nr5w2qv,https://www.reddit.com//r/FearTheWalkingDead/comments/1p7rfwl/my_full_thoughts_after_finishing_ftwd_full_show/nr5w2qv/
1p85o8k,nr5xiqo,https://www.reddit.com//r/OnePiecePowerScaling/comments/1p85o8k/can_someone_explain_what_pk_tier_is_only_one_man/nr5xiqo/
1p8frlb,nr5yzi0,https://www.reddit.com//r/politics/comments/1p8frlb/officials_criticize_biden_vetting_but_afghan/nr5yzi0/
1p8lany,nr618r9,https://www.reddit.com//r/traumatizedsluts2/comments/1p8lany/happy_thanksgiving_you_horny_pervs/nr618r9/
1p8crpm,nr6clsh,https://www.reddit.com//r/whatdoIdo/comments/1p8crpm/roommate_keeps_eating_my_labeled_food_despite/nr6clsh/
1p8kn2s,nr6f2uj,https://www.reddit.com//r/AotearoaNewZealand/comments/1p8kn2s/459_truck_licences_revoked_by_nzta_held_by_people/nr6f2uj/
1p8czzy,nr6jfki,https://www.reddit.com//r/aspynovardsnark/comments/1p8czzy/homophobia/nr6jfki/
1p8lwxh,nr6lf8c,https://www.reddit.com//r/ClashDecks/comments/1p8lwxh/should_i_use_evo_royal_ghost_or_evo_knight_in_dis/nr6lf8c/
1p8ot7j,nr6sfnx,https://www.reddit.com//r/Badass/comments/1p8ot7j/native_european_groomergrapist_cought_seducing/nr6sfnx/
1nq3jsn,nr6xnmi,https://www.reddit.com//r/NoFap/comments/1nq3jsn/does_exposure_therapy_work/nr6xnmi/
1p8ppfv,nr71g0q,https://www.reddit.com//r/flatearth/comments/1p8ppfv/if_you_can_photoshop_a_door_to_look_like_this/nr71g0q/
1p8m151,nr71ukp,https://www.reddit.com//r/whenthe/comments/1p8m151/they_just_arent_looking_at_the_good_ones/nr71ukp/
1p8jlqx,nr78yyp,https://www.reddit.com//r/KingdomHearts/comments/1p8jlqx/what_was_your_reaction_when_you_saw_this/nr78yyp/
1p8spsv,nr7bnu8,https://www.reddit.com//r/Philippines_Expats/comments/1p8spsv/has_the_philippines_made_you_better_and_stronger/nr7bnu8/
1p8tptt,nr7igx2,https://www.reddit.com//r/MurderedByWords/comments/1p8tptt/the_way_she_just_got_roasted_with_her_own_resume/nr7igx2/
1p8s5kq,nr7k3w1,https://www.reddit.com//r/complaints/comments/1p8s5kq/trump_2028/nr7k3w1/
1p6m6sv,nr7r0px,https://www.reddit.com//r/Homebuilding/comments/1p6m6sv/siding_35_year_old_home_home_builders_out_of/nr7r0px/
1p8v0da,nr7vbmb,https://www.reddit.com//r/JEENEETards/comments/1p8v0da/i_feel_dead_inside_dropper/nr7vbmb/
1p8vosg,nr7x0me,https://www.reddit.com//r/ArgentinaBenderStyle/comments/1p8vosg/con_la_mano_en_el_corazón/nr7x0me/
1p8t04j,nr85kww,https://www.reddit.com//r/marvelrivals/comments/1p8t04j/people_want_the_savage_land_skin_but_have_no_idea/nr85kww/
1p8on9b,nr8ea67,https://www.reddit.com//r/rosesarered/comments/1p8on9b/roses_are_red_one_day_they_will_all_pay/nr8ea67/
1p8yxsm,nr8jl1e,https://www.reddit.com//r/RoyaleAPI/comments/1p8yxsm/rip_siege_decks/nr8jl1e/
1p8zxga,nr8qehs,https://www.reddit.com//r/UMD/comments/1p8zxga/new_student/nr8qehs/
1ouj5j6,nr8yg9x,https://www.reddit.com//r/CalgaryGoneWildAgain/comments/1ouj5j6/i_often_fantasize_being_bred_by_multiple_men_at/nr8yg9x/
1p8g6t0,nr9r829,https://www.reddit.com//r/wuchanggame/comments/1p8g6t0/now_a_good_time_to_buy_after_patch_17/nr9r829/
1p91ooc,nra2gsb,https://www.reddit.com//r/ClashRoyale/comments/1p91ooc/deck_suggestions/nra2gsb/
1p8p543,nrad0fq,https://www.reddit.com//r/StanleyMOV/comments/1p8p543/your_last_saved_image_made_him_shocked/nrad0fq/
1p931uu,nradeg5,https://www.reddit.com//r/nfl/comments/1p931uu/game_thread_chicago_bears_83_at_philadelphia/nradeg5/
1p94i60,nraf7ug,https://www.reddit.com//r/byler/comments/1p94i60/if_we_are_queerbaited/nraf7ug/
1oicjoo,nrafg4k,https://www.reddit.com//r/WarthunderPlayerUnion/comments/1oicjoo/why_i_just_support_the_roc_flag_and_got_ban/nrafg4k/
1p97sg6,nras213,https://www.reddit.com//r/u_Gracie_Greyy/comments/1p97sg6/hey_yall_its_me_gracie_in_honor_of_thanksgiving/nras213/
1p9b0k6,nrb1w93,https://www.reddit.com//r/whenthe/comments/1p9b0k6/please_tell_me_this_doesnt_only_happen_to_me/nrb1w93/
1p9crzf,nrbcmi1,https://www.reddit.com//r/PokemonGoRaids/comments/1p9crzf/dynamax_lugia_with_2_locals_weather_boosted/nrbcmi1/
1p9bj6f,nrbe827,https://www.reddit.com//r/PremierLeague/comments/1p9bj6f/why_do_chelsea_fans_like_to_overrate_their_players/nrbe827/
1p9dnvs,nrbjb30,https://www.reddit.com//r/AITAH/comments/1p9dnvs/aitah_for_dissming_my_dying_wifes_last_request/nrbjb30/
1p8z6l8,nrbnht3,https://www.reddit.com//r/Filmmakers/comments/1p8z6l8/why_do_modern_cgi_and_vfx_looks_less_real/nrbnht3/
1p6w1mb,nrbnpxi,https://www.reddit.com//r/Swingtradingstocks/comments/1p6w1mb/op_forget_that_average_living_age_in_india_is_65/nrbnpxi/
1p9e5xn,nrbo67t,https://www.reddit.com//r/StreetFighter/comments/1p9e5xn/how_to_open_a_really_good_guile/nrbo67t/
1p8vofc,nrbqwm9,https://www.reddit.com//r/tech/comments/1p8vofc/lining_pipes_with_labgrown_diamonds_can_keep_them/nrbqwm9/
1p9ep54,nrbramf,https://www.reddit.com//r/television/comments/1p9ep54/pluribus_is_garbage_aimed_at_lonely_womenlesbians/nrbramf/
1p9b8ow,nrc5dpp,https://www.reddit.com//r/ZenlessZoneZero/comments/1p9b8ow/what_were_they_thinking_when_they_decided_to/nrc5dpp/
1p9c8d1,nrc5dql,https://www.reddit.com//r/Eldenring/comments/1p9c8d1/elding_was_a_disappointment_a_new_game_need_this/nrc5dql/
1m5w762,nrcdhpq,https://www.reddit.com//r/antiwork/comments/1m5w762/us_companies_offering_a_progressive_4_day_work/nrcdhpq/
1p8bmtf,nrcexmx,https://www.reddit.com//r/AskIndianFeminists/comments/1p8bmtf/the_alarming_trend_of_angry_men_in_my_dm/nrcexmx/
1p94252,nrckrb6,https://www.reddit.com//r/CharteredAccountants/comments/1p94252/im_studying_but_still_feeling_like_it_is_not/nrckrb6/
1p9i2pe,nrcli56,https://www.reddit.com//r/poker/comments/1p9i2pe/im_down_about_500_buyins_at_nl1_am_i_that_bad/nrcli56/
1p9khnj,nrd2zyd,https://www.reddit.com//r/AusFinance/comments/1p9khnj/canada_is_putting_a_pause_on_immigration_should/nrd2zyd/
1p7wq3v,nrd3j66,https://www.reddit.com//r/AmITheAngel/comments/1p7wq3v/aio_about_my_bfs_attitude_being_disrespectful/nrd3j66/
1p9jxul,nrd6qtt,https://www.reddit.com//r/MealDealRates/comments/1p9jxul/not_sure_how_i_feel_about_this_one/nrd6qtt/
1p8t9gg,nrd71n2,https://www.reddit.com//r/alevel/comments/1p8t9gg/im_sorry_but_i_want_yall_to_predict_my_as_grade/nrd71n2/
1p9ngcz,nrdbg3t,https://www.reddit.com//r/ukpolitics/comments/1p9ngcz/doncaster_councils_reform_uk_leader_quits_over/nrdbg3t/
1p96dqm,nrdehy4,https://www.reddit.com//r/wandern/comments/1p96dqm/links_oder_rechts_laufen/nrdehy4/
1p9oj03,nrdhelh,https://www.reddit.com//r/GlobalOffensive/comments/1p9oj03/astralis_vs_ninjas_in_pyjamas_starladder_budapest/nrdhelh/
1p9rqtg,nre4guf,https://www.reddit.com//r/TeenIndia/comments/1p9rqtg/women_are_so_weak/nre4guf/
1p9t46m,nref7fd,https://www.reddit.com//r/soccer/comments/1p9t46m/bayern_munich_3_1_st_pauli_n_jackson_909/nref7fd/
1p9pq51,nrekpea,https://www.reddit.com//r/pcmasterrace/comments/1p9pq51/games_run_faster_on_steamos_than_windows_11_ars/nrekpea/
1p9usbg,nrevy64,https://www.reddit.com//r/RepublicadeChile/comments/1p9usbg/esta_claro_que_en_este_show_televisivo_solo_hay/nrevy64/
1p9excy,nreyugv,https://www.reddit.com//r/swimbaitfishing/comments/1p9excy/2_oz_swimbait_help/nreyugv/
1p9pr9v,nrez825,https://www.reddit.com//r/JanitorAI_Official/comments/1p9pr9v/did_i_do_something_wrong/nrez825/
1p9wv86,nrf9x5h,https://www.reddit.com//r/UKtiktokbehavingbadly/comments/1p9wv86/scamphaba_says_she_doesnt_have_the_money_to_take/nrf9x5h/
1p9ve20,nrfg23k,https://www.reddit.com//r/vancouverwa/comments/1p9ve20/sorry_my_neighbors_suck/nrfg23k/
1p9y3k9,nrfk4ur,https://www.reddit.com//r/AITAH/comments/1p9y3k9/aita_for_cancelling_our_thanksgiving_tip_last/nrfk4ur/
1p9yk7a,nrfmjpp,https://www.reddit.com//r/pittsburgh/comments/1p9yk7a/pitts_planned_ev_charging_stations_in_panther/nrfmjpp/
1p972nl,nrfmtd5,https://www.reddit.com//r/RainbowSixSiege/comments/1p972nl/classic_console_xim_users/nrfmtd5/
1pa0sfz,nrg5elf,https://www.reddit.com//r/kpopthoughts/comments/1pa0sfz/what_are_your_honest_thoughts_on_concerts_after/nrg5elf/
1pa2j5v,nrgddg8,https://www.reddit.com//r/kpop_uncensored/comments/1pa2j5v/i_truly_dont_care_all_that_much_about_talent_and/nrgddg8/
1pa2tx3,nrgse6j,https://www.reddit.com//r/Bacolod/comments/1pa2tx3/500_peso_budger_noche_buena/nrgse6j/
1pa4e50,nrgucfy,https://www.reddit.com//r/OkBuddyPersona/comments/1pa4e50/whats_the_hype_with_p3/nrgucfy/
1p9tctn,nrgv92r,https://www.reddit.com//r/GigilAko/comments/1p9tctn/gigil_ako_yung_mga_kakampink_ang_sinisisi_ng_mga/nrgv92r/
1pa511t,nrgz0fm,https://www.reddit.com//r/SelfDrivingCars/comments/1pa511t/waymo_drivethru_at_dominos/nrgz0fm/
1p5i8up,nrh49ud,https://www.reddit.com//r/inazumaeleven/comments/1p5i8up/rewatching_go_galaxy_after_a_really_long_time_and/nrh49ud/
1p9s9b8,nrh4pon,https://www.reddit.com//r/plagueinc/comments/1p9s9b8/vampire_reminds_me_of_that_one_meme/nrh4pon/
1pa4fgb,nrh9qc0,https://www.reddit.com//r/4Tranistan/comments/1pa4fgb/chatgpt_created_this_chart_for_me_is_this_legit/nrh9qc0/
1pa73i2,nrhabiv,https://www.reddit.com//r/ArcRaiders/comments/1pa73i2/my_idea_for_rats/nrhabiv/
1pa3rbc,nrhhvlz,https://www.reddit.com//r/suns/comments/1pa3rbc/game_thread_phoenix_suns_vs_denver_nuggets_live/nrhhvlz/
1p9wnpr,nrhjjp4,https://www.reddit.com//r/MarvelContestOfChamps/comments/1p9wnpr/how_am_i_doing_with_7_stars_im_disappointed_with/nrhjjp4/
1pa6b1t,nrhk7tu,https://www.reddit.com//r/unclebens/comments/1pa6b1t/is_this_trich/nrhk7tu/
1pa8se6,nrhmve1,https://www.reddit.com//r/mexico/comments/1pa8se6/deberia_mexico_tener_salarios_minimos_como_usa/nrhmve1/
1p9jlqm,nrhnrof,https://www.reddit.com//r/nigerianfood/comments/1p9jlqm/tell_me_why_egusi_is_your_favorite_soup/nrhnrof/
1p9oivy,nrhq085,https://www.reddit.com//r/MayNagChat/comments/1p9oivy/hindi_ko_masikmura_sorry/nrhq085/
1pa9b8s,nrhr8hg,https://www.reddit.com//r/valheim/comments/1pa9b8s/chilling_out_without_sound_when/nrhr8hg/
1p9ogz5,nrhwlzp,https://www.reddit.com//r/IphoneAir/comments/1p9ogz5/the_space_black_iphone_air_is/nrhwlzp/
1pa51dk,nrhxt8r,https://www.reddit.com//r/Ningen/comments/1pa51dk/is_this_true_or_bait/nrhxt8r/
1pa8lgj,nrhy4xq,https://www.reddit.com//r/India_Bharat_/comments/1pa8lgj/kunal_kamra_fixed/nrhy4xq/
1p9qex8,nri1j0k,https://www.reddit.com//r/teenagers/comments/1p9qex8/bruv_who_the_fuck_is_spending_so_much_money_on/nri1j0k/
1paaq9k,nri3t1b,https://www.reddit.com//r/btd6/comments/1paaq9k/the_enemy/nri3t1b/
1pa6nyn,nri81bv,https://www.reddit.com//r/mapua/comments/1pa6nyn/thoughts_profs_archi/nri81bv/
1pab4z8,nribvjb,https://www.reddit.com//r/TroChuyenLinhTinh/comments/1pab4z8/thread_vn_có_j_3_cắt_gene/nribvjb/
1padqqz,nrip32u,https://www.reddit.com//r/FenerbahceSK/comments/1padqqz/its_painfully_obvious_that_a_certain_group_of/nrip32u/
1pabkdk,nris52i,https://www.reddit.com//r/InstaCelebsGossip/comments/1pabkdk/do_these_people_really_exist/nris52i/
1paeepy,nrj7627,https://www.reddit.com//r/GTA6/comments/1paeepy/what_do_you_guys_think_about_this/nrj7627/
1pago6z,nrj8ph5,https://www.reddit.com//r/IndieGaming/comments/1pago6z/life_is_short_ragebait_your_players_should_i_add/nrj8ph5/
1pak0t2,nrjo6ad,https://www.reddit.com//r/DiWHY/comments/1pak0t2/easy_holiday_treat/nrjo6ad/
1pajiet,nrk06tw,https://www.reddit.com//r/oklahomAfuntimes/comments/1pajiet/a_true_shame/nrk06tw/
1paluqe,nrk3nem,https://www.reddit.com//r/Fishing/comments/1paluqe/whats_your_stupid_superstition_that_you_know_is_a/nrk3nem/
1pak8bn,nrkda8c,https://www.reddit.com//r/TwentiesIndia/comments/1pak8bn/i23m_got_secretly_filmed_on_the_mumbai_metro_and/nrkda8c/
1panuns,nrkffu1,https://www.reddit.com//r/PremierLeague/comments/1panuns/the_amount_of_diving_and_fake_injuries_by_arsenal/nrkffu1/
1paoin5,nrko2cd,https://www.reddit.com//r/footballmanagergames/comments/1paoin5/why_do_you_choose_fm24_over_fm26/nrko2cd/
1pamqva,nrkpfrh,https://www.reddit.com//r/UberEATS/comments/1pamqva/first_order_of_the_day_to_some_scum/nrkpfrh/
1papeas,nrksm6q,https://www.reddit.com//r/Italia/comments/1papeas/apolide_non_chiamatemi_italiano/nrksm6q/
1pab281,nrkwfvr,https://www.reddit.com//r/Catan/comments/1pab281/saturday_evening_game_with_new_dice_robber/nrkwfvr/
1paifpk,nrl6yti,https://www.reddit.com//r/politics/comments/1paifpk/trump_is_making_health_care_unaffordable_again/nrl6yti/
1panso9,nrlbyk2,https://www.reddit.com//r/everskiestrashhh/comments/1panso9/suspected_genderfluid_alt/nrlbyk2/
1pantfy,nrlch4l,https://www.reddit.com//r/Funnymemes/comments/1pantfy/this_should_be_entertaining/nrlch4l/
1pass1q,nrlhp8c,https://www.reddit.com//r/HazbinHotel/comments/1pass1q/headcannon_s_reprise_of_dont_you_forget_is/nrlhp8c/
1p9njbi,nrllwxj,https://www.reddit.com//r/Formula1_world/comments/1p9njbi/michael_schumachers_friend_makes_heartbreaking/nrllwxj/
1paw71l,nrm9wnq,https://www.reddit.com//r/TheWire/comments/1paw71l/unpopular_opinion_omar_falling_for_the_trap_at/nrm9wnq/
1pawuv4,nrme869,https://www.reddit.com//r/MyHeroAcadamia/comments/1pawuv4/did_they_even_watch_the_show_what_is_bro_even/nrme869/
1paygor,nrmpq5n,https://www.reddit.com//r/ArcRaiders/comments/1paygor/average_pve_player_extract_experience/nrmpq5n/
1paymep,nrmrpnn,https://www.reddit.com//r/ZenlessZoneZero/comments/1paymep/zzz_devs_doxxing_people/nrmrpnn/
1paxri2,nrmstqy,https://www.reddit.com//r/miamidolphins/comments/1paxri2/tua_haters_every_time_the_commentators_said_he/nrmstqy/
1paxb36,nrmtgck,https://www.reddit.com//r/trump/comments/1paxb36/fuck_liberals/nrmtgck/
1paoo92,nrmvds0,https://www.reddit.com//r/SocialDemocracy/comments/1paoo92/i_feel_politically_homeless_because_im_struggling/nrmvds0/
1pa4qkp,nrmwr6j,https://www.reddit.com//r/shitrentals/comments/1pa4qkp/rental_listed_for_580_when_they_charged_us_700/nrmwr6j/
1parilg,nrn7x6r,https://www.reddit.com//r/unhingedKenya/comments/1parilg/what_are_the_common_stereotypes_about_somalis_in/nrn7x6r/
1pazfx2,nrn8rbk,https://www.reddit.com//r/LLMPhysics/comments/1pazfx2/dark_matter_found/nrn8rbk/
1p7s7h9,nrnkn0g,https://www.reddit.com//r/ValorantConsole/comments/1p7s7h9/am_i_doing_this_right/nrnkn0g/
1pa76b1,nrnlfn4,https://www.reddit.com//r/gaming_random/comments/1pa76b1/only_amy/nrnlfn4/
1pahzs2,nrnlzkp,https://www.reddit.com//r/welcomeToDerry/comments/1pahzs2/guyss_what_do_we_think_of_her/nrnlzkp/
1patvh8,nrnshpz,https://www.reddit.com//r/HoustonJObuds/comments/1patvh8/29_looking_for_bate_bros_willowbrook/nrnshpz/
1pb3kyc,nrnsqx7,https://www.reddit.com//r/OntarioGrade12s/comments/1pb3kyc/how_do_you_find_the_asymptote_for_tan_graphs/nrnsqx7/
1pb2emn,nrnwtjf,https://www.reddit.com//r/OffMyChestPH/comments/1pb2emn/gusto_ko_ng_aso/nrnwtjf/
1pb436m,nro00f5,https://www.reddit.com//r/nba/comments/1pb436m/sga_is_bad_for_the_league_prove_me_wrong/nro00f5/
1pazm9z,nro44k4,https://www.reddit.com//r/biggboss/comments/1pazm9z/bigg_boss_season_19_livefeed_discussion_thread/nro44k4/
1pas4ss,nro9soo,https://www.reddit.com//r/WhitePeopleTwitter/comments/1pas4ss/its_time/nro9soo/
1pb2lqo,nro9z72,https://www.reddit.com//r/CanadianConservative/comments/1pb2lqo/canadian_citizenship_for_everyone/nro9z72/
1oo2jaa,nrofhdj,https://www.reddit.com//r/Mandaluyong/comments/1oo2jaa/mandaluyong_lgu_to_address_mcmc_issues/nrofhdj/
1pb6vi3,nronpx4,https://www.reddit.com//r/unitedkingdom/comments/1pb6vi3/rage_bait_named_word_of_the_year_2025_by_oxford/nronpx4/
1pb63dj,nropisp,https://www.reddit.com//r/youtube/comments/1pb63dj/youtube_is_making_millions_from_racist_slop/nropisp/
1pb5iih,nroy42x,https://www.reddit.com//r/antiai/comments/1pb5iih/you_arent_actually_creating_anything_real_or/nroy42x/
1papnqf,nrozw2p,https://www.reddit.com//r/Funnymemes/comments/1papnqf/_/nrozw2p/
1pb73dg,nrp2hh4,https://www.reddit.com//r/casio/comments/1pb73dg/you_might_disagree_but_this_has_to_be_the_ugliest/nrp2hh4/
1pb4i09,nrp3j88,https://www.reddit.com//r/WhatisMyEyeColour/comments/1pb4i09/should_i_simply_say_brown_or_light_brown/nrp3j88/
1pb9914,nrpqror,https://www.reddit.com//r/Avatar/comments/1pb9914/positive_reviews_are_plenty_and_reassuring/nrpqror/
1p8dfsr,nrps6fu,https://www.reddit.com//r/phishing/comments/1p8dfsr/i_got_a_message_today_and_figured_it_was_phishing/nrps6fu/
1pbeqyc,nrpv9cx,https://www.reddit.com//r/PokeGrading/comments/1pbeqyc/i_paid_12_for_this_lot_of_base_set_cards_is_that/nrpv9cx/
1pb9laz,nrpxsfz,https://www.reddit.com//r/Battlefield/comments/1pb9laz/db12_rank_50_review_in_1_sentence/nrpxsfz/
1pagkj4,nrq61dk,https://www.reddit.com//r/ifadeozgurlugu/comments/1pagkj4/sen_nasıl_bir_orospusun_zübeyde/nrq61dk/
1pbex3w,nrq7ylw,https://www.reddit.com//r/FilosofiaBAR/comments/1pbex3w/só_pq_isso_aqui_tá_virando_igreja/nrq7ylw/
1pbd32f,nrqnad0,https://www.reddit.com//r/whatisit/comments/1pbd32f/central_canada_is_this_what_i_think_it_is_and_how/nrqnad0/
1p2ln2f,nrqopos,https://www.reddit.com//r/paypal/comments/1p2ln2f/20_cash_back_pay_in_4_can_someone_explain_how/nrqopos/
1pbb548,nrqrjyd,https://www.reddit.com//r/idiomsite/comments/1pbb548/rage_bait_meaning_example_and_history/nrqrjyd/
1pbgku7,nrqvt8z,https://www.reddit.com//r/Asmongold/comments/1pbgku7/they_got_rid_of_free_tax_returns/nrqvt8z/
1pbjhbp,nrqxvkp,https://www.reddit.com//r/PokemonInvesting/comments/1pbjhbp/is_the_market_ever_going_to_recover/nrqxvkp/
1pbbf1g,nrqyhac,https://www.reddit.com//r/plano/comments/1pbbf1g/warmest_autumn_on_record/nrqyhac/
1pb45zg,nrr6w4v,https://www.reddit.com//r/DIY/comments/1pb45zg/im_at_my_wits_end_wmice_in_my_house/nrr6w4v/
1pbllhm,nrra04w,https://www.reddit.com//r/aiwars/comments/1pbllhm/rate_my_bait/nrra04w/
1pbmn2s,nrrlyzs,https://www.reddit.com//r/algeria/comments/1pbmn2s/this_is_a_serious_struggle_of_mine/nrrlyzs/
1pbj2lr,nrsnyi0,https://www.reddit.com//r/malelivingspace/comments/1pbj2lr/my_cozy_living_room_setup_perfect_for_my_rest_days/nrsnyi0/
1p9tyfk,nrsvw45,https://www.reddit.com//r/VivimosEnUnaSociedad/comments/1p9tyfk/qué_opina_de_los_centristas/nrsvw45/
1pbqpx8,nrt159z,https://www.reddit.com//r/PowerScaling/comments/1pbqpx8/where_does_goku_stop_in_this_gauntlet_of_s_themed/nrt159z/
1pbscw5,nrt2ogc,https://www.reddit.com//r/Battlefield6/comments/1pbscw5/its_so_nice_that_the_big_streamers_have_abandoned/nrt2ogc/
1pbnc71,nrt83ct,https://www.reddit.com//r/cringe_porn/comments/1pbnc71/petla_lucoas_sister/nrt83ct/
1pbw1jq,nrtj6xx,https://www.reddit.com//r/montreal/comments/1pbw1jq/to_whom_the_hell_should_i_even_address_this/nrtj6xx/
1pbk6zf,nrtj6y6,https://www.reddit.com//r/AlwaysWhy/comments/1pbk6zf/why_does_the_world_care_about_palestine_but_not/nrtj6y6/
1pb1yyw,nrtlf0u,https://www.reddit.com//r/dailyChismisPh/comments/1pb1yyw/ahhh/nrtlf0u/
1pbfgxt,nrtlywi,https://www.reddit.com//r/Swingtradingstocks/comments/1pbfgxt/enjoy_the_weather_really/nrtlywi/
1pbx6g7,nrto5c9,https://www.reddit.com//r/UltraLightFishing/comments/1pbx6g7/made_a_new_ultralight_tackle_box_from_and_metal/nrto5c9/
1pbx282,nru0bxo,https://www.reddit.com//r/NikkeMobile/comments/1pbx282/look_i_know_it_was_mostly_likely_ragebait_but/nru0bxo/
1pb3izz,nru4akz,https://www.reddit.com//r/soccercirclejerk/comments/1pb3izz/least_obsessed_ronaldo_fan/nru4akz/
1pby1fi,nruaxep,https://www.reddit.com//r/BlockedAndReported/comments/1pby1fi/oklahoma_u_student_files_discrimination_report/nruaxep/
1pbzzqz,nruf19q,https://www.reddit.com//r/EU5/comments/1pbzzqz/tips_for_committing_genocide/nruf19q/
1pbo58v,nrufdn6,https://www.reddit.com//r/forhonor/comments/1pbo58v/i_have_never_felt_more_ass_in_my_life/nrufdn6/
1pbvhmb,nruflhl,https://www.reddit.com//r/nfl/comments/1pbvhmb/highlight_jaxson_dart_gets_lit_up_by_christian/nruflhl/
1pbvhcx,nrumj4u,https://www.reddit.com//r/thinkpad/comments/1pbvhcx/what_is_everyone_in_tech_using/nrumj4u/
1pbva9d,nruo4fz,https://www.reddit.com//r/biggboss/comments/1pbva9d/bigg_boss_season_19_livefeed_discussion_thread/nruo4fz/
1pc1d8d,nruqh29,https://www.reddit.com//r/AuralFixation/comments/1pc1d8d/august_is_gone/nruqh29/
1pby0mh,nrushr4,https://www.reddit.com//r/Fishing/comments/1pby0mh/broke_the_rod_from_a_combo/nrushr4/
1paj0rc,nrusztq,https://www.reddit.com//r/vet/comments/1paj0rc/xray_what_is_your_opinion/nrusztq/
1pc2d2k,nrutebq,https://www.reddit.com//r/europe/comments/1pc2d2k/eu_is_becoming_totalitarian_fight_it/nrutebq/
1pc33al,nrutvto,https://www.reddit.com//r/hookupAndheriVersova/comments/1pc33al/my_first_post_here_be_kind/nrutvto/
1pbqsoa,nruvfrp,https://www.reddit.com//r/kingsnakes/comments/1pbqsoa/lost_snake/nruvfrp/
1pbdubp,nruw0ay,https://www.reddit.com//r/Twitter/comments/1pbdubp/26f_as_a_new_member_in_x_what_should_i_keep_in_my/nruw0ay/
1pbzxni,nruwas6,https://www.reddit.com//r/interesting/comments/1pbzxni/oxford_university_press_picks_rage_bait_as_its/nruwas6/
1pbhy3g,nruwfkp,https://www.reddit.com//r/CivilEngineers_PH/comments/1pbhy3g/kung_andito_ka_rin_putangina_mo/nruwfkp/
1pc355w,nruwflq,https://www.reddit.com//r/TwentiesIndia/comments/1pc355w/my_friend24f_asked_me24m_if_ill_date_her/nruwflq/
1pbxs3q,nruxc24,https://www.reddit.com//r/NBATalk/comments/1pbxs3q/realistically_is_austin_reaves_a_contender_for_mt/nruxc24/
1pc476j,nruzwtw,https://www.reddit.com//r/AskUK/comments/1pc476j/how_do_i_go_about_reporting/nruzwtw/
1pbbtdm,nrv1aru,https://www.reddit.com//r/SkeevenHiltonUnlocked/comments/1pbbtdm/he_doesnt_like_this/nrv1aru/
1pc4pfq,nrv4oee,https://www.reddit.com//r/LoveAndDeepspace/comments/1pc4pfq/can_you_stop_im_about_to_combust/nrv4oee/
1pc4s3h,nrv89qz,https://www.reddit.com//r/Firefighting/comments/1pc4s3h/question_to_all_firefighters_why_do_so_many/nrv89qz/
1p8xm9e,nrvak9v,https://www.reddit.com//r/LastEpoch/comments/1p8xm9e/how_do_people_think_game_development_is_funded/nrvak9v/
1pbfwcl,nrvc990,https://www.reddit.com//r/GlobalOffensive/comments/1pbfwcl/salary_crisis_hits_astralis_hours_before_their/nrvc990/
1m87r4w,nrvhvsf,https://www.reddit.com//r/PokemonTCGPhilippines/comments/1m87r4w/local_hobby_stores_preorder_gimmick/nrvhvsf/
1pbn2qk,nrvk166,https://www.reddit.com//r/FishingPlanet/comments/1pbn2qk/help_catching_tarpon_and_red_drum/nrvk166/
1pbtnmh,nrvsnit,https://www.reddit.com//r/MeJulgue/comments/1pbtnmh/uma_pessoa_perguntou_se_eu_eu_era_uma_sapatao_eu/nrvsnit/
1pc82t0,nrvvk9t,https://www.reddit.com//r/HonkaiStarRail/comments/1pc82t0/turns_out_i_leveled_the_wrong_rocket_trace_9/nrvvk9t/
1pbyfr0,nrw2tzj,https://www.reddit.com//r/GenerationJones/comments/1pbyfr0/if_you_did_walk_to_and_from_school_how_far_was_it/nrw2tzj/
1pbmriq,nrw41j9,https://www.reddit.com//r/stupidpeoplefacebook/comments/1pbmriq/weve_seen_this_before_a_century_ago/nrw41j9/
1pcaiyy,nrw9ci2,https://www.reddit.com//r/Honor/comments/1pcaiyy/apple_is_cooked_magic_8_pro_is_going_to_feast/nrw9ci2/
1pcb04g,nrwp2pe,https://www.reddit.com//r/biggboss/comments/1pcb04g/bigg_boss_season_19_daily_episode_discussion/nrwp2pe/
1pcaete,nrwrura,https://www.reddit.com//r/CringeTikToks/comments/1pcaete/lazy_maga_begging_for_500_for_rent_proceeds_to/nrwrura/
1pbr03d,nrws5a0,https://www.reddit.com//r/AmyRose/comments/1pbr03d/some_shadamy_bk_art/nrws5a0/
1pcd7z4,nrwtj4o,https://www.reddit.com//r/DestinyFashion/comments/1pcd7z4/one_of_the_new_eververse_sets/nrwtj4o/
1pceich,nrx1u4n,https://www.reddit.com//r/StarWars_/comments/1pceich/bad_character_or_nah/nrx1u4n/
1pb85sw,nrxf06n,https://www.reddit.com//r/StupidFood/comments/1pb85sw/it_keeps_getting_worse/nrxf06n/
1pceqg3,nrxfurn,https://www.reddit.com//r/InstaCelebsGossip/comments/1pceqg3/bullshit_cant_she_feel_any_empathy_for_that/nrxfurn/
1pcf4ki,nrxjryk,https://www.reddit.com//r/soccer/comments/1pcf4ki/espn_vinicius_wont_discuss_renewal_talks_with/nrxjryk/
1pcaz59,nrxn0c5,https://www.reddit.com//r/TwoBestFriendsPlay/comments/1pcaz59/pokémon_legends_za_mega_dimension_mega_lucario_z/nrxn0c5/
1pcgp12,nrxvjmx,https://www.reddit.com//r/AmITheDevil/comments/1pcgp12/this_whole_post_is_just_ew/nrxvjmx/
1pbqrw1,nry4onc,https://www.reddit.com//r/Breakfast/comments/1pbqrw1/crime_30/nry4onc/
1pckbwk,nrya1yq,https://www.reddit.com//r/germany/comments/1pckbwk/free_palestine_gone_wrong/nrya1yq/
1p9i6fu,nryb057,https://www.reddit.com//r/feetpicsbuyerandsell/comments/1p9i6fu/18f_come_suck_my_young_feet/nryb057/
1pcg6tj,nrykdqz,https://www.reddit.com//r/lidiaizquierdo/comments/1pcg6tj/sigan_a_mi_amiga/nrykdqz/
1pca2o8,nryryih,https://www.reddit.com//r/infamous/comments/1pca2o8/weak_cole/nryryih/
1pchrxv,nrz0vod,https://www.reddit.com//r/Destiny/comments/1pchrxv/are_there_any_other_dggers_that_watch_the_goat/nrz0vod/
1pcjfc0,nrz9b2u,https://www.reddit.com//r/quityourbullshit/comments/1pcjfc0/antiimmigration_influencer_with_2m_followers/nrz9b2u/
1pcb5di,nrzaryx,https://www.reddit.com//r/Metroid/comments/1pcb5di/metroid_prime_4_review_megathread/nrzaryx/
1pclzny,nrzbpbt,https://www.reddit.com//r/DandysWorld_/comments/1pclzny/my_opinions/nrzbpbt/
1pcp77v,nrzekks,https://www.reddit.com//r/TheRaceTo100K/comments/1pcp77v/23m_i_feel_like_im_behind/nrzekks/
1pcomhy,nrzgj4s,https://www.reddit.com//r/WutheringWaves/comments/1pcomhy/just_built_iuno_rate_it/nrzgj4s/
1pcfpfr,nrzsjgw,https://www.reddit.com//r/books/comments/1pcfpfr/dnf_watership_down_and_im_honestly_shocked_people/nrzsjgw/
1pc88yo,ns09zu5,https://www.reddit.com//r/ChikaPH/comments/1pc88yo/official_statement_of_kim_chiu_on_case_against/ns09zu5/
1pauyka,ns0lq9q,https://www.reddit.com//r/u_Steve_Zissouu2/comments/1pauyka/sector_earlymid_october_2025_vs_late_october/ns0lq9q/
1pcvt0b,ns0qzqe,https://www.reddit.com//r/Superhero_Ideas/comments/1pcvt0b/jingle_bells/ns0qzqe/
1pcsv0o,ns0sg73,https://www.reddit.com//r/warriors/comments/1pcsv0o/game_thread_golden_state_warriors_vs_oklahoma/ns0sg73/
1pcv5sn,ns0t9p1,https://www.reddit.com//r/BollyBlindsNGossip/comments/1pcv5sn/disastrous_advance_for_dhurandhar_what_went_wrong/ns0t9p1/
1pags51,ns0ypof,https://www.reddit.com//r/DesignReps/comments/1pags51/prada_renylon_jacket_authentic_vs_fake_comparison/ns0ypof/
1pcthut,ns13h5i,https://www.reddit.com//r/MurderedByWords/comments/1pcthut/here_to_report_another_murder/ns13h5i/
1p804mq,ns14xit,https://www.reddit.com//r/DaliPH/comments/1p804mq/dali_hot_wheels/ns14xit/
1pc0sra,ns15rov,https://www.reddit.com//r/Noses/comments/1pc0sra/ulgy_nose_on_ugly_faxe_or_on_nose_on_ugly_face/ns15rov/
1pcry9l,ns16398,https://www.reddit.com//r/askastronomy/comments/1pcry9l/the_solar_system_is_moving_much_much_faster_than/ns16398/
1pbi6zu,ns1dt86,https://www.reddit.com//r/Cricket/comments/1pbi6zu/im_stephan_shemilt_bbc_sports_chief_cricket/ns1dt86/
1pczv1y,ns1gqlm,https://www.reddit.com//r/TeenIndia/comments/1pczv1y/good_afternoon_gayuz/ns1gqlm/
1pd03v4,ns1ikh6,https://www.reddit.com//r/nba/comments/1pd03v4/shai_isnt_even_top_5_in_the_league/ns1ikh6/
1pcz7n2,ns1l3b3,https://www.reddit.com//r/TheOfficeUK/comments/1pcz7n2/whats_that_ricky_youve_given_up_being_a_beloved/ns1l3b3/
1pcqwuq,ns1m1vv,https://www.reddit.com//r/malegrooming/comments/1pcqwuq/24_low_confidence_terrified_of_dating/ns1m1vv/
1pdc9gk,ns45psd,https://www.reddit.com//r/Nutraceuticalscience/comments/1pdc9gk/theres_a_surprising_link_between_a_key_nutrient/ns45psd/
1pcrnp4,ns4i0i3,https://www.reddit.com//r/NBATalk/comments/1pcrnp4/whats_closer_the_gap_between_kobe_and_mj_or_the/ns4i0i3/
1pd1rh9,ns4kjp8,https://www.reddit.com//r/katseyesnark_/comments/1pd1rh9/painful_to_watch/ns4kjp8/
1pd9vi5,ns4upgf,https://www.reddit.com//r/news2/comments/1pd9vi5/breaking_exclusive_the_us_house_has_the_numbers/ns4upgf/
1pddafi,ns4upgn,https://www.reddit.com//r/wnba/comments/1pddafi/wnba_proposing_a_pay_cut_for_not_attending_combine/ns4upgn/
1pd693c,ns4y97s,https://www.reddit.com//r/BBallShoes/comments/1pd693c/possible_kicksown_scam_read_this_before_you_buy/ns4y97s/
1pd0z1g,ns4y993,https://www.reddit.com//r/BikiniBottomTwitter/comments/1pd0z1g/youre_fearmongering_is_boring/ns4y993/
1pdcv6n,ns4y997,https://www.reddit.com//r/AO3/comments/1pdcv6n/came_across_this_video_titled_fanfiction_has/ns4y997/
1pcng2x,ns501mp,https://www.reddit.com//r/Hawaii/comments/1pcng2x/how_to_not_come_home_to_500_roaches_after_a/ns501mp/
1pdbi1e,ns50t4c,https://www.reddit.com//r/Clash_Royale/comments/1pdbi1e/guys_look_at_this_clown_with_a_level_13_inferno/ns50t4c/
1pdhnzn,ns59frk,https://www.reddit.com//r/GenAlpha/comments/1pdhnzn/best_song_you_can_possibly_think_of/ns59frk/
1pdimmx,ns5c00g,https://www.reddit.com//r/Chesscom/comments/1pdimmx/chess_players_have_ruined_chess/ns5c00g/
1pdh1j0,ns5f5c5,https://www.reddit.com//r/traumatizedsluts2/comments/1pdh1j0/too_skinny_to_fight_back/ns5f5c5/
1pcyc88,ns5va2j,https://www.reddit.com//r/ufc/comments/1pcyc88/would_some_type_of_small_eye_protection_be/ns5va2j/
1pd6kil,ns5ys4k,https://www.reddit.com//r/dentistryph/comments/1pd6kil/prof_sa_red_school/ns5ys4k/
1pdm9ft,ns65lkh,https://www.reddit.com//r/Tennesseetitans/comments/1pdm9ft/this_shit_is_stupid/ns65lkh/
1pcrbwr,ns6c9pj,https://www.reddit.com//r/MousepadReview/comments/1pcrbwr/downgraded_from_zane_glsswrks_to_sp004_wallhack/ns6c9pj/
1ma1gup,ns6fsuf,https://www.reddit.com//r/quora/comments/1ma1gup/why_is_quora_not_popular_anymore/ns6fsuf/
1pdmqoa,ns6gyhk,https://www.reddit.com//r/VtuberDrama/comments/1pdmqoa/okay_now_im_starting_to_worry_about_zentreya_i/ns6gyhk/
1paw7kf,ns6jj6t,https://www.reddit.com//r/OnTheBlock/comments/1paw7kf/reason_for_optimism/ns6jj6t/
1pdorla,ns6nxvm,https://www.reddit.com//r/rivals/comments/1pdorla/how_did_ragebaiting_become_such_a_big_thing/ns6nxvm/
1pch1ty,ns71rrh,https://www.reddit.com//r/cfbmemes/comments/1pch1ty/gator_fans_really_been_tweaking_lately/ns71rrh/
1pdrnmk,ns76oja,https://www.reddit.com//r/nba/comments/1pdrnmk/kobe_bryant_not_top_5_sg_ever/ns76oja/
1ovt8h5,ns787za,https://www.reddit.com//r/AskAChinese/comments/1ovt8h5/whats_with_chinese_americans_making_these_racist/ns787za/
1pdrwhi,ns7983x,https://www.reddit.com//r/AmIOverreacting/comments/1pdrwhi/aio_for_being_pissed_off_at_the_girl_im_dating/ns7983x/
1pds881,ns7bvyq,https://www.reddit.com//r/pinoy/comments/1pds881/saan_yang_tatlong_leche_flan_for_99/ns7bvyq/
1pdrvok,ns7ds3f,https://www.reddit.com//r/UberEatsDrivers/comments/1pdrvok/are_you_kidding_me_i_was_honest_i_told_you_that/ns7ds3f/
1pdrbnv,ns7hugx,https://www.reddit.com//r/PataHaiAajKyaHua/comments/1pdrbnv/if_24_got_a_rishta_today/ns7hugx/
1pd7mhz,ns7jtez,https://www.reddit.com//r/Psychologie/comments/1pd7mhz/meinung_zu_dr_k/ns7jtez/
1pdtiqg,ns7odif,https://www.reddit.com//r/yxl/comments/1pdtiqg/this_fucking_sucks_bro/ns7odif/
1pdlkys,ns7p2hx,https://www.reddit.com//r/Undertale/comments/1pdlkys/this_channel_got_over_122k_subscribers_by/ns7p2hx/
1pdt1il,ns7pkgo,https://www.reddit.com//r/FatuiHQ/comments/1pdt1il/moderator_announcement_addressing_recent_events/ns7pkgo/
1pdpggi,ns7qcfl,https://www.reddit.com//r/yuzu/comments/1pdpggi/metroid_prime_4_beyond_on_kenjinx/ns7qcfl/
1pdj84j,ns7rhgj,https://www.reddit.com//r/DarkSouls2/comments/1pdj84j/my_first_peak_souls_2_meme_no_hate/ns7rhgj/
1pdtvqp,ns7yk5o,https://www.reddit.com//r/Spiderman/comments/1pdtvqp/something_i_really_appreciate_in_the_late_venom/ns7yk5o/
1pczi5f,ns82rey,https://www.reddit.com//r/GigilAko/comments/1pczi5f/gigil_ako_sa_diskarte_niya/ns82rey/
1pddo12,ns870dj,https://www.reddit.com//r/heumrageifsareborn/comments/1pddo12/ahmad_abone_olmayan_izleyecilerine_ana_avrat_düz/ns870dj/
1pdxzpp,ns8d64i,https://www.reddit.com//r/diablo4/comments/1pdxzpp/diablo_4_is_lost_what_do_you_think/ns8d64i/
1pdtxh1,ns8dqxl,https://www.reddit.com//r/DotA2/comments/1pdtxh1/remove_turbo_mode_from_the_game_for_good/ns8dqxl/
1pdtcx9,ns8j9o6,https://www.reddit.com//r/FatuiHQ/comments/1pdtcx9/tf_is_this_gooner_bait_scenes/ns8j9o6/
1pd84ar,ns8ky5e,https://www.reddit.com//r/FishingForBeginners/comments/1pd84ar/fake_baitcaster/ns8ky5e/
1pe3w9l,ns9lv59,https://www.reddit.com//r/Lookism/comments/1pe3w9l/how_james_dickriders_glazed_james_after_he_mid/ns9lv59/
1pe0vo4,ns9ngeq,https://www.reddit.com//r/mapporncirclejerk/comments/1pe0vo4/how_i_see_europe_as_an_albanian/ns9ngeq/
1pco92u,ns9s7rb,https://www.reddit.com//r/Desahogo2/comments/1pco92u/me_siento_apenado_de_ser_hombre/ns9s7rb/
1pc593l,ns9smgx,https://www.reddit.com//r/adultingphwins/comments/1pc593l/as_a_minimum_wage_earner/ns9smgx/
1pe2606,ns9smh3,https://www.reddit.com//r/RPClipsGTA/comments/1pe2606/tubsen2013_ssw_get_banned_after_fighting_cg/ns9smh3/
1pe492e,ns9zmob,https://www.reddit.com//r/assholedesign/comments/1pe492e/site_advertises_lower_than_average_prices_on/ns9zmob/
1pe4n69,nsa08jl,https://www.reddit.com//r/RoastMyCar/comments/1pe4n69/traded_my_toyota_for_a_porsche_to_save_money/nsa08jl/
1pe6ahg,nsa7372,https://www.reddit.com//r/millenials/comments/1pe6ahg/my_younger_brother_is_a_shitty_millennial_and_i/nsa7372/
1pe20yh,nsaicbc,https://www.reddit.com//r/notredamefootball/comments/1pe20yh/where_is_pete_bevaqua/nsaicbc/
1pdrrfx,nsakv76,https://www.reddit.com//r/JEE/comments/1pdrrfx/is_it_sufficient_for_mains/nsakv76/
1pe11tn,nsariel,https://www.reddit.com//r/beautyph/comments/1pe11tn/worst_experience_at_dior_sm_aura/nsariel/
1pe9fzh,nsaxfyd,https://www.reddit.com//r/AMA/comments/1pe9fzh/ive_been_getting_weekly_phone_calls_from_a/nsaxfyd/
1pe77x8,nsaxs0a,https://www.reddit.com//r/illinois/comments/1pe77x8/a_reporter_asked_chicago_mayor_brandon_johnson_a/nsaxs0a/
1pduye3,nsayff6,https://www.reddit.com//r/ShittyAbsoluteUnits/comments/1pduye3/of_dog_walker/nsayff6/
1pcuev4,nsbngog,https://www.reddit.com//r/RoyaleAPI/comments/1pcuev4/getting_cooked_with_my_current_deck_in_arena_22_i/nsbngog/
1peazql,nsc6b1p,https://www.reddit.com//r/SmashBrosUltimate/comments/1peazql/what_is_your_least_favourite_move_for_your_main/nsc6b1p/
1pedyy0,nscss4e,https://www.reddit.com//r/torontoraptors/comments/1pedyy0/game_thread_toronto_raptors_vs_los_angeles_lakers/nscss4e/
1pegn1w,nscyiaf,https://www.reddit.com//r/InstacartShoppers/comments/1pegn1w/forgot_to_click_on_accept_i_sc_and_missed_this/nscyiaf/
1pe59v8,nsd101q,https://www.reddit.com//r/teenagers/comments/1pe59v8/is_18m_and_14f_bad_or_is_she_just_mature_for_her/nsd101q/
1pehnhz,nsd8mmw,https://www.reddit.com//r/PokemonUnite/comments/1pehnhz/seriously/nsd8mmw/
1pdvnj3,nsdn1ex,https://www.reddit.com//r/summonerswar/comments/1pdvnj3/is_that_a_bug_need_help/nsdn1ex/
1peg8hz,nsdv4z0,https://www.reddit.com//r/whatisit/comments/1peg8hz/what_is_this_found_by_the_pond_in_my_neighborhood/nsdv4z0/
1pengpp,nsdxjih,https://www.reddit.com//r/travisandtaylor/comments/1pengpp/rolling_stone_put_the_fate_of_ophelia_at_8_on/nsdxjih/
1pebvlo,nse0oun,https://www.reddit.com//r/school/comments/1pebvlo/this_is_for_a_dual_enrollment_history_class_lmao/nse0oun/
1peoyx8,nse1idu,https://www.reddit.com//r/LivestreamFail/comments/1peoyx8/fake_french_streamer_gets_easy_question_wrong/nse1idu/
1miqq03,nse3o2y,https://www.reddit.com//r/TrueUnpopularOpinion/comments/1miqq03/reddit_moderators_are_a_joke_and_shouldnt_be_a/nse3o2y/
1pepj97,nse4f1x,https://www.reddit.com//r/ArcRaiders/comments/1pepj97/theres_literally_no_point_in_keeping_any_of_this/nse4f1x/
1pei33o,nse58m9,https://www.reddit.com//r/biggboss/comments/1pei33o/bigg_boss_season_19_livefeed_discussion_thread/nse58m9/
1pe86k8,nsedlkw,https://www.reddit.com//r/TeenPakistani/comments/1pe86k8/peak_ragebait/nsedlkw/
pwtjri,nsee14m,https://www.reddit.com//r/tabooshow/comments/pwtjri/any_gay_pervs_wickr_me_tabooperv8722/nsee14m/
1op1s2r,nsegt99,https://www.reddit.com//r/ArcRaiders/comments/1op1s2r/attention_to_all_top_side_sheriffs/nsegt99/
